M1|done|0.00|2|       7.644328
M2|done|90.00|2|      26.045834
M3|done|90.00|2|      26.387752
S1|O,OK!|3| 26.460827| 0.0000000|90.0000000
S2|O,OK!|4|      26.600777|180.0000000|90.0000000
S1|D: 0.545m,0085|5| 44.750731| 0.0000000|90.0000000
S2|D: 0.427m,0047|6|      45.240709|180.0000000|90.0000000
M1|done|0.00|7|      45.773644
S1|D: 0.544m,0079|8| 46.401738| 0.0000000|90.0000000
S2|D: 0.427m,0046|9|      47.001712|180.0000000|90.0000000
M2|done|0.00|10|      49.265698
M3|done|0.00|11|      50.955661
S1|D: 2.007m,0039|12| 50.981767| 0.0000000| 0.0000000
S2|D: 1.975m,0035|13|      51.591722|180.0000000| 0.0000000
M2|done|9.90|14|      52.663883
M3|done|9.90|15|      53.163779
S1|D: 1.982m,0047|16| 53.191766| 0.0000000| 9.9000000
S2|D: 1.972m,0030|17|      53.801721|180.0000000| 9.9000000
M2|done|19.80|18|      54.873833
M3|done|19.80|19|      55.383778
S1|D: 1.149m,0477|20| 55.703748| 0.0000000|19.8000000
S2|D: 1.153m,0115|21|      57.453722|180.0000000|19.8000000
M2|done|29.70|22|      58.906592
M3|done|29.70|23|      59.417000
S1|D: 0.870m,0617|24| 60.403751| 0.0000000|29.7000000
S2|D: 0.825m,0087|25|      62.153722|180.0000000|29.7000000
M2|done|39.60|26|      63.225829
M3|done|39.60|27|      63.735778
S2|S: 28.2`C,3.1V|28|      64.054722|180.0000000|39.6000000
S1|S: 29.0`C,3.1V|29| 65.305743| 0.0000000|39.6000000
S1|D: 0.728m,0442|30| 66.555743| 0.0000000|39.6000000
S2|D: 0.649m,0056|31|      68.305723|180.0000000|39.6000000
M2|done|49.50|32|      69.387829
M3|done|49.50|33|      70.678786
S1|D: 0.637m,0215|34| 70.706766| 0.0000000|49.5000000
S2|D: 0.551m,0061|35|      72.456723|180.0000000|49.5000000
M2|done|59.40|36|      73.538801
M3|done|59.40|37|      74.229786
S1|D: 0.583m,0150|38| 76.057748| 0.0000000|59.4000000
S2|D: 0.486m,0039|39|      77.807722|180.0000000|59.4000000
M2|done|69.30|40|      78.879808
M3|done|69.30|41|      79.389793
S1|D: 0.550m,0101|42| 79.708747| 0.0000000|69.3000000
S2|D: 0.449m,0050|43|      80.958721|180.0000000|69.3000000
M2|done|79.20|44|      82.681801
S1|D: 0.537m,0082|46| 84.059766| 0.0000000|79.2000000
M3|done|79.20|45|      84.031778
S2|D: 0.428m,0046|47|      84.812721|180.0000000|79.2000000
M2|done|89.10|48|      86.536015
S1|D: 0.542m,0063|50| 87.913766| 0.0000000|89.1000000
M3|done|89.10|49|      87.886001
S2|D: 0.425m,0047|51|      88.666721|180.0000000|89.1000000
M2|done|99.00|52|      90.390041
M3|done|99.00|53|      92.690015
S1|D: 0.564m,0147|54| 93.567750| 0.0000000|99.0000000
S2|D: 0.433m,0041|55|      94.547725|180.0000000|99.0000000
M2|done|108.90|56|      95.630034
M3|done|108.90|57|      96.441028
S1|D: 0.611m,0203|58| 97.218751| 0.0000000|108.9000000
S2|D: 0.455m,0045|59|      98.968722|180.0000000|108.9000000
M2|done|118.80|60|     100.041995
M3|done|118.80|61|     100.551021
S1|D: 0.680m,0338|62|100.870750| 0.0000000|118.8000000
S2|D: 0.495m,0053|63|     102.620722|180.0000000|118.8000000
M2|done|128.70|64|     103.703057
M3|done|128.70|65|     104.894027
S1|D: 0.749m,0155|66|105.771749| 0.0000000|128.7000000
S2|D: 0.560m,0051|67|     107.511724|180.0000000|128.7000000
M2|done|138.60|68|     108.594057
M3|done|138.60|69|     109.094020
S1|D: 0.712m,0143|70|110.372751| 0.0000000|138.6000000
S2|D: 0.679m,0048|71|     111.722720|180.0000000|138.6000000
M2|done|148.50|72|     112.795057
M3|done|148.50|73|     113.446027
S1|D: 0.233m,0238|74|114.223750| 0.0000000|148.5000000
S2|D: 0.693m,0111|75|     115.973722|180.0000000|148.5000000
M2|done|158.40|76|     117.436057
S1|D: 0.212m,0055|78|118.374773| 0.0000000|158.4000000
M3|done|158.40|77|     118.347027
S2|D: 0.635m,0092|79|     119.127720|180.0000000|158.4000000
M2|done|168.30|80|     120.851057
M3|done|168.30|81|     122.101027
S1|D: 0.206m,0030|82|122.878750| 0.0000000|168.3000000
S2|S: 27.5`C,3.1V|83|     124.128720|180.0000000|168.3000000
S1|S: 28.6`C,3.1V|84|125.379742| 0.0000000|168.3000000
S2|D: 0.606m,0092|85|     126.629720|180.0000000|168.3000000
M2|done|178.20|86|     128.454057
M3|done|178.20|87|     128.954006
M1|done|5.17|88|     129.574433
S1|D: 0.209m,0047|89|130.480757| 5.1750000|178.2000000
S2|D: 0.147m,0150|90|     131.730719|185.1750000|178.2000000
M2|done|188.10|91|     133.454057
M3|done|188.10|92|     134.704027
S1|D: 0.206m,0035|93|135.481749| 5.1750000|188.1000000
S2|D: 0.605m,0084|94|     136.731719|185.1750000|188.1000000
M2|done|178.20|95|     138.556061
M3|done|178.20|96|     139.055999
S1|D: 0.206m,0034|97|139.332749| 5.1750000|178.2000000
S2|D: 0.147m,0106|98|     140.582719|185.1750000|178.2000000
M2|done|168.30|99|     142.306027
M3|done|168.30|100|     143.556019
S1|D: 0.137m,0696|101|144.333762| 5.1750000|168.3000000
S2|D: 0.606m,0061|102|     146.083734|185.1750000|168.3000000
M2|done|158.40|103|     147.166033
M3|done|158.40|104|     147.676019
S1|D: 0.089m,0308|105|149.034763| 5.1750000|158.4000000
S2|D: 0.248m,0127|106|     150.784733|185.1750000|158.4000000
M2|done|148.50|107|     152.237032
M3|done|148.50|108|     152.747464
S1|D: 0.086m,0287|109|152.784773| 5.1750000|148.5000000
S2|D: 0.691m,0112|110|     154.534732|185.1750000|148.5000000
M2|done|138.60|111|     155.997061
M3|done|138.60|112|     156.510033
S1|D: 0.055m,0095|113|157.286761| 5.1750000|138.6000000
S2|D: 0.667m,0065|114|     158.636731|185.1750000|138.6000000
M2|done|128.70|115|     159.709034
M3|done|128.70|116|     161.410026
S1|D: 0.642m,0264|117|162.187761| 5.1750000|128.7000000
S2|D: 0.550m,0042|118|     163.937732|185.1750000|128.7000000
M2|done|118.80|119|     165.010999
M3|done|118.80|120|     165.520025
S1|D: 0.580m,0195|121|165.839761| 5.1750000|118.8000000
S2|D: 0.486m,0045|122|     167.589733|185.1750000|118.8000000
M2|done|108.90|123|     168.671861
M3|done|108.90|124|     169.862824
S1|D: 0.546m,0107|125|170.640757| 5.1750000|108.9000000
S2|D: 0.447m,0038|126|     171.890732|185.1750000|108.9000000
M2|done|99.00|127|     173.613847
M3|done|99.00|128|     174.863824
S1|D: 0.530m,0087|129|175.741756| 5.1750000|99.0000000
S2|D: 0.424m,0041|130|     176.341736|185.1750000|99.0000000
M2|done|89.10|131|     177.423847
M3|done|89.10|132|     178.614824
S1|D: 0.533m,0083|133|179.392757| 5.1750000|89.1000000
S2|D: 0.416m,0049|134|     180.742731|185.1750000|89.1000000
M2|done|79.20|135|     181.814998
M3|done|79.20|136|     182.465984
S1|D: 0.552m,0099|137|184.293758| 5.1750000|79.2000000
S2|S: 27.1`C,3.1V|138|     185.543731|185.1750000|79.2000000
S1|S: 28.1`C,3.1V|139|186.894752| 5.1750000|79.2000000
S2|D: 0.420m,0054|140|     186.924732|185.1750000|79.2000000
M2|done|69.30|141|     188.619025
M3|done|69.30|142|     189.868997
S1|D: 0.589m,0199|143|190.646757| 5.1750000|69.3000000
S2|D: 0.439m,0050|144|     192.396732|185.1750000|69.3000000
M2|done|59.40|145|     193.469999
M3|done|59.40|146|     193.979033
S1|D: 0.657m,0316|147|195.348762| 5.1750000|59.4000000
S2|D: 0.475m,0042|148|     197.098733|185.1750000|59.4000000
M2|done|49.50|149|     198.181060
M3|done|49.50|150|     199.472026
S1|D: 0.763m,0500|151|199.499781| 5.1750000|49.5000000
S2|D: 0.538m,0044|152|     201.249733|185.1750000|49.5000000
M2|done|39.60|153|     202.331985
M3|done|39.60|154|     203.022989
S1|D: 0.946m,0743|155|203.800756| 5.1750000|39.6000000
S2|D: 0.633m,0052|156|     205.550731|185.1750000|39.6000000
M2|done|29.70|157|     206.624003
M3|done|29.70|158|     207.824977
S1|D: 1.287m,0424|159|208.602756| 5.1750000|29.7000000
S2|D: 0.805m,0090|160|     210.352732|185.1750000|29.7000000
M2|done|19.80|161|     211.435010
M3|done|19.80|162|     211.944969
S1|D: 1.985m,0042|163|212.253756| 5.1750000|19.8000000
S2|D: 1.126m,0114|164|     213.503730|185.1750000|19.8000000
M2|done|9.90|165|     215.226962
M3|done|9.90|166|     216.476954
S1|D: 1.986m,0042|167|217.254756| 5.1750000| 9.9000000
S2|D: 1.960m,0038|168|     218.604731|185.1750000| 9.9000000
M1|done|10.35|169|     219.548443
S1|D: 1.986m,0043|170|219.855764|10.3500000| 9.9000000
S2|D: 1.956m,0030|171|     221.105730|190.3500000| 9.9000000
M2|done|0.00|172|     222.828726
M3|done|0.00|173|     224.078726
S1|D: 1.985m,0095|174|224.856756|10.3500000| 0.0000000
S2|D: 1.973m,0036|175|     226.206731|190.3500000| 0.0000000
M2|done|9.90|176|     227.278804
M3|done|9.90|177|     227.929781
S1|D: 1.984m,0039|178|229.757757|10.3500000| 9.9000000
S2|D: 1.964m,0049|179|     231.007730|190.3500000| 9.9000000
M2|done|19.80|180|     232.830832
M3|done|19.80|181|     233.330824
S1|D: 1.985m,0052|182|233.608756|10.3500000|19.8000000
S2|D: 1.124m,0103|183|     234.858730|190.3500000|19.8000000
M2|done|29.70|184|     236.582055
M3|done|29.70|185|     237.832059
S1|D: 1.295m,0375|186|238.609760|10.3500000|29.7000000
S2|D: 0.804m,0068|187|     240.359732|190.3500000|29.7000000
M2|done|39.60|188|     241.441846
M3|done|39.60|189|     242.632810
S1|D: 0.953m,0668|190|243.510755|10.3500000|39.6000000
S2|D: 0.630m,0064|191|     245.250735|190.3500000|39.6000000
S2|S: 26.7`C,3.1V|193|     246.360739|190.3500000|39.6000000
M2|done|49.50|192|     246.332838
S1|S: 27.8`C,3.1V|194|247.073752|10.3500000|49.5000000
M3|done|49.50|195|     248.795810
S1|D: 0.765m,0558|196|249.673755|10.3500000|49.5000000
S2|D: 0.534m,0057|197|     251.413743|190.3500000|49.5000000
M2|done|59.40|198|     252.495838
M3|done|59.40|199|     253.596816
S1|D: 0.658m,0360|200|254.374755|10.3500000|59.4000000
S2|D: 0.471m,0081|201|     256.124731|190.3500000|59.4000000
M2|done|69.30|202|     257.196851
M3|done|69.30|203|     257.706830
S1|D: 0.591m,0178|204|259.076756|10.3500000|69.3000000
S2|D: 0.435m,0054|205|     260.826731|190.3500000|69.3000000
M2|done|79.20|206|     261.908851
M3|done|79.20|207|     263.199816
S1|D: 0.552m,0150|208|263.227775|10.3500000|79.2000000
S2|D: 0.415m,0043|209|     264.977731|190.3500000|79.2000000
M2|done|89.10|210|     266.059981
M3|done|89.10|211|     266.750995
S1|D: 0.532m,0107|212|268.578756|10.3500000|89.1000000
S2|D: 0.410m,0039|213|     269.928729|190.3500000|89.1000000
M2|done|99.00|214|     271.001046
M3|done|99.00|215|     271.652038
S1|D: 0.529m,0081|216|272.429759|10.3500000|99.0000000
S2|D: 0.418m,0043|217|     273.679729|190.3500000|99.0000000
M2|done|108.90|218|     275.504058
M3|done|108.90|219|     276.004038
S1|D: 0.544m,0121|220|276.280759|10.3500000|108.9000000
S2|D: 0.440m,0060|221|     277.530729|190.3500000|108.9000000
M2|done|118.80|222|     279.254052
M3|done|118.80|223|     280.504038
S1|D: 0.578m,0202|224|281.281759|10.3500000|118.8000000
S2|D: 0.479m,0039|225|     283.031731|190.3500000|118.8000000
M2|done|128.70|226|     284.114058
M3|done|128.70|227|     285.305038
S1|D: 0.631m,0372|228|286.182758|10.3500000|128.7000000
S2|D: 0.541m,0061|229|     287.922734|190.3500000|128.7000000
M2|done|138.60|230|     289.005059
M3|done|138.60|231|     289.505037
S1|D: 0.698m,0117|232|289.733759|10.3500000|138.6000000
S2|D: 0.090m,0416|233|     290.983729|190.3500000|138.6000000
M2|done|148.50|234|     293.206052
M3|done|148.50|235|     293.705995
S1|D: 0.095m,0364|236|294.534759|10.3500000|148.5000000
S2|D: 0.092m,0195|237|     296.284731|190.3500000|148.5000000
M2|done|158.40|238|     298.507058
M3|done|158.40|239|     299.007038
S1|D: 0.082m,0274|240|299.335758|10.3500000|158.4000000
S2|D: 0.154m,0229|241|     301.075734|190.3500000|158.4000000
M2|done|168.30|242|     303.298053
M3|done|168.30|243|     303.798022
S1|D: 0.072m,0265|244|303.836757|10.3500000|168.3000000
S2|D: 0.207m,0039|245|     305.586730|190.3500000|168.3000000
M2|done|178.20|246|     306.669059
M3|done|178.20|247|     307.179052
S2|S: 26.6`C,3.1V|248|     307.487732|190.3500000|178.2000000
S1|S: 27.8`C,3.1V|249|308.738750|10.3500000|178.2000000
M1|done|15.53|250|     310.332637
S1|D: 0.070m,0146|251|311.238766|15.5250000|178.2000000
S2|D: 0.594m,0034|252|     312.988728|195.5250000|178.2000000
M2|done|188.10|253|     314.061995
M3|done|188.10|254|     314.571052
S1|D: 0.205m,0031|255|314.890758|15.5250000|188.1000000
S2|D: 0.137m,0149|256|     316.140728|195.5250000|188.1000000
M2|done|178.20|257|     318.914045
M3|done|178.20|258|     320.264052
S1|D: 0.071m,0208|259|320.291778|15.5250000|178.2000000
S2|D: 0.594m,0038|260|     322.041729|195.5250000|178.2000000
M2|done|168.30|261|     323.124029
M3|done|168.30|262|     323.815052
S1|D: 0.074m,0145|263|324.692757|15.5250000|168.3000000
S2|D: 0.209m,0036|264|     326.432733|195.5250000|168.3000000
M2|done|158.40|265|     327.515045
M3|done|158.40|266|     328.015057
S1|D: 0.088m,0141|267|329.293759|15.5250000|158.4000000
S2|D: 0.083m,0202|268|     331.043730|195.5250000|158.4000000
M2|done|148.50|269|     333.267003
M3|done|148.50|270|     333.766015
S1|D: 0.097m,0191|271|333.803771|15.5250000|148.5000000
S2|D: 0.093m,0206|272|     335.553729|195.5250000|148.5000000
M2|done|138.60|273|     337.766059
M3|done|138.60|274|     338.276001
S1|D: 0.880m,0251|275|338.595758|15.5250000|138.6000000
S2|D: 0.661m,0160|276|     340.345728|195.5250000|138.6000000
M2|done|128.70|277|     342.558057
M3|done|128.70|278|     343.067987
S1|D: 0.899m,0154|279|343.095778|15.5250000|128.7000000
S2|D: 0.542m,0046|280|     344.845729|195.5250000|128.7000000
M2|done|118.80|281|     345.918029
M3|done|118.80|282|     346.428057
S1|D: 0.849m,0142|283|346.848758|15.5250000|118.8000000
S2|D: 0.479m,0052|284|     348.598730|195.5250000|118.8000000
M2|done|108.90|285|     349.680849
M3|done|108.90|286|     350.871834
S1|D: 0.828m,0141|287|351.649754|15.5250000|108.9000000
S2|D: 0.439m,0046|288|     353.399729|195.5250000|108.9000000
M2|done|99.00|289|     354.481835
M3|done|99.00|290|     354.991792
S1|D: 0.832m,0109|291|355.300752|15.5250000|99.0000000
S2|D: 0.417m,0038|292|     356.550727|195.5250000|99.0000000
M2|done|89.10|293|     358.273829
M3|done|89.10|294|     359.523799
S1|D: 0.841m,0088|295|360.301753|15.5250000|89.1000000
S2|D: 0.408m,0050|296|     361.551727|195.5250000|89.1000000
M2|done|79.20|297|     363.275021
M3|done|79.20|298|     364.525001
S1|D: 0.870m,0100|299|365.402752|15.5250000|79.2000000
S2|D: 0.414m,0043|300|     366.002732|195.5250000|79.2000000
M2|done|69.30|301|     367.085028
S2|S: 26.6`C,3.1V|302|     367.803735|195.5250000|79.2000000
S1|S: 27.8`C,3.1V|303|369.054749|15.5250000|69.3000000
M3|done|69.30|304|     370.877001
S1|D: 0.589m,0251|305|370.904773|15.5250000|69.3000000
S2|D: 0.434m,0053|306|     372.654728|195.5250000|69.3000000
M2|done|59.40|307|     374.328056
M3|done|59.40|308|     375.578036
S1|D: 0.644m,0283|309|376.455756|15.5250000|59.4000000
S2|D: 0.469m,0049|310|     378.195732|195.5250000|59.4000000
M2|done|49.50|311|     379.278056
M3|done|49.50|312|     379.778036
S1|D: 4.777m,1088|313|381.056758|15.5250000|49.5000000
S2|D: 0.531m,0049|314|     382.806727|195.5250000|49.5000000
M2|done|39.60|315|     383.879995
M3|done|39.60|316|     384.389001
S1|D: 0.947m,0689|317|384.708753|15.5250000|39.6000000
S2|D: 0.627m,0055|318|     386.458729|195.5250000|39.6000000
M2|done|29.70|319|     387.541030
M3|done|29.70|320|     388.731993
S1|D: 1.269m,0429|321|389.609752|15.5250000|29.7000000
S2|D: 0.797m,0097|322|     391.349732|195.5250000|29.7000000
M2|done|19.80|323|     392.432021
M3|done|19.80|324|     392.932001
S1|D: 1.955m,0054|325|394.210754|15.5250000|19.8000000
S2|D: 1.114m,0120|326|     395.460728|195.5250000|19.8000000
M3|done|9.90|328|     397.284126
S1|D: 1.955m,0045|329|398.061761|15.5250000|19.8000000
S2|D: 1.957m,0045|330|     399.311727|195.5250000| 9.9000000
S1|D: 1.953m,0059|332|401.022777|20.7000000|19.8000000
M1|done|20.70|331|     401.006439
S2|D: 1.964m,0035|333|     402.962728|200.7000000| 9.9000000
M2|done|0.00|334|     404.929618
M3|done|0.00|335|     405.935694
S1|D: 1.985m,0114|336|406.813751|20.7000000| 0.0000000
S2|D: 1.973m,0078|337|     407.413731|200.7000000| 0.0000000
M2|done|9.90|338|     409.586800
M3|done|9.90|339|     410.836799
S1|D: 1.983m,0037|340|411.614752|20.7000000| 9.9000000
S2|D: 1.969m,0038|341|     412.964726|200.7000000| 9.9000000
M2|done|19.80|342|     414.036821
M3|done|19.80|343|     414.687820
S1|D: 1.973m,0048|344|415.465752|20.7000000|19.8000000
S2|D: 1.131m,0129|345|     416.815725|200.7000000|19.8000000
M2|done|29.70|346|     418.268026
M3|done|29.70|347|     419.589021
S1|D: 1.975m,0045|348|420.366756|20.7000000|29.7000000
S2|D: 0.808m,0104|349|     421.716726|200.7000000|29.7000000
M2|done|39.60|350|     422.788825
M3|done|39.60|351|     423.439820
S1|D: 1.417m,0091|352|424.217751|20.7000000|39.6000000
S2|D: 0.635m,0053|353|     425.467726|200.7000000|39.6000000
M2|done|49.50|354|     427.190841
S2|S: 26.3`C,3.1V|356|     428.568735|200.7000000|49.5000000
M3|done|49.50|355|     428.540820
S1|S: 27.5`C,3.1V|357|429.319747|20.7000000|49.5000000
S1|D: 1.058m,0147|358|430.569743|20.7000000|49.5000000
S2|D: 0.537m,0043|359|     432.969726|200.7000000|49.5000000
M2|done|59.40|360|     434.041841
M3|done|59.40|361|     435.842813
S1|D: 0.869m,0166|362|435.870772|20.7000000|59.4000000
S2|D: 0.474m,0048|363|     437.620727|200.7000000|59.4000000
M2|done|69.30|364|     438.702819
M3|done|69.30|365|     439.202820
S1|D: 0.754m,0147|366|439.240763|20.7000000|69.3000000
S2|D: 0.437m,0046|367|     440.990726|200.7000000|69.3000000
M2|done|79.20|368|     442.072841
M3|done|79.20|369|     443.994813
S1|D: 0.684m,0127|370|444.872751|20.7000000|79.2000000
S2|D: 0.417m,0043|371|     445.852731|200.7000000|79.2000000
M2|done|89.10|372|     446.935013
M3|done|89.10|373|     447.745992
S1|D: 0.641m,0106|374|448.523752|20.7000000|89.1000000
S2|D: 0.410m,0044|375|     449.773726|200.7000000|89.1000000
M2|done|99.00|376|     451.598051
M3|done|99.00|377|     452.098027
S1|D: 0.623m,0092|378|452.374756|20.7000000|99.0000000
S2|D: 0.419m,0049|379|     453.624725|200.7000000|99.0000000
M2|done|108.90|380|     455.348049
M3|done|108.90|381|     456.698019
S1|D: 0.630m,0109|382|456.725775|20.7000000|108.9000000
S2|D: 0.440m,0044|383|     457.715725|200.7000000|108.9000000
M2|done|118.80|384|     459.100063
M3|done|118.80|385|     461.400020
S1|D: 0.655m,0113|386|462.277754|20.7000000|118.8000000
S2|D: 0.482m,0045|387|     463.257730|200.7000000|118.8000000
M2|done|128.70|388|     464.340063
M3|done|128.70|389|     465.151013
S1|D: 0.696m,0120|390|465.928754|20.7000000|128.7000000
S2|D: 0.544m,0051|391|     467.178725|200.7000000|128.7000000
M2|done|138.60|392|     468.902063
M3|done|138.60|393|     470.152019
S1|D: 0.776m,0178|394|471.029754|20.7000000|138.6000000
S2|D: 0.657m,0070|395|     472.769730|200.7000000|138.6000000
M2|done|148.50|396|     473.852063
M3|done|148.50|397|     474.351998
S1|D: 0.089m,0190|398|474.580754|20.7000000|148.5000000
S2|D: 0.097m,0190|399|     476.330726|200.7000000|148.5000000
M2|done|158.40|400|     478.553063
M3|done|158.40|401|     479.053020
S1|D: 0.081m,0241|402|479.281754|20.7000000|158.4000000
S2|D: 0.089m,0099|403|     481.031725|200.7000000|158.4000000
M2|done|168.30|404|     482.484049
M3|done|168.30|405|     482.994464
S1|D: 0.080m,0131|406|483.031766|20.7000000|168.3000000
S2|D: 0.078m,0122|407|     484.021725|200.7000000|168.3000000
M2|done|178.20|408|     485.707026
M3|done|178.20|409|     486.957020
M1|done|25.88|410|     488.078451
S2|S: 26.2`C,3.1V|411|     488.984737|205.8750000|178.2000000
S1|S: 27.6`C,3.1V|412|490.235746|25.8750000|178.2000000
S1|D: 0.074m,0055|413|491.585742|25.8750000|178.2000000
S2|D: 0.073m,0054|414|     492.185726|205.8750000|178.2000000
M2|done|188.10|415|     493.268063
M3|done|188.10|416|     494.459020
S1|D: 0.072m,0144|417|495.236754|25.8750000|188.1000000
S2|D:Er08!|418|     496.986727|205.8750000|188.1000000
M2|done|178.20|419|     499.209043
M3|done|178.20|420|     499.709006
S1|D: 0.073m,0061|421|499.936754|25.8750000|178.2000000
S2|D: 0.073m,0058|422|     501.186725|205.8750000|178.2000000
M2|done|168.30|423|     502.910049
M3|done|168.30|424|     504.160010
S1|D: 0.074m,0164|425|504.937753|25.8750000|168.3000000
S2|D: 0.082m,0082|426|     506.687725|205.8750000|168.3000000
M2|done|158.40|427|     507.770055
M3|done|158.40|428|     508.961017
S1|D: 0.082m,0203|429|509.738753|25.8750000|158.4000000
S2|D: 0.086m,0211|430|     511.488724|205.8750000|158.4000000
M2|done|148.50|431|     513.701018
M3|done|148.50|432|     514.210997
S1|D: 0.247m,0299|433|514.439753|25.8750000|148.5000000
S2|D: 0.092m,0131|434|     516.189724|205.8750000|148.5000000
M2|done|138.60|435|     517.642025
M3|done|138.60|436|     518.152455
S1|D: 0.699m,0087|437|518.189765|25.8750000|138.6000000
S2|D: 0.671m,0072|438|     519.179724|205.8750000|138.6000000
M2|done|128.70|439|     520.865043
M3|done|128.70|440|     522.115010
S1|D: 0.606m,0080|441|522.892753|25.8750000|128.7000000
S2|D: 0.555m,0050|442|     524.142724|205.8750000|128.7000000
M2|done|118.80|443|     525.866031
M3|done|118.80|444|     527.116017
S1|D: 0.547m,0062|445|527.893753|25.8750000|118.8000000
S2|D: 0.490m,0057|446|     529.243724|205.8750000|118.8000000
M2|done|108.90|447|     530.315851
M3|done|108.90|448|     530.966816
S1|D: 0.516m,0064|449|531.744749|25.8750000|108.9000000
S2|D: 0.449m,0042|450|     532.994724|205.8750000|108.9000000
M2|done|99.00|451|     534.717846
M3|done|99.00|452|     535.967823
S1|D: 0.507m,0059|453|536.745749|25.8750000|99.0000000
S2|D: 0.427m,0043|454|     537.995724|205.8750000|99.0000000
M2|done|89.10|455|     539.818846
M3|done|89.10|456|     540.318823
S1|D: 0.516m,0076|457|540.596749|25.8750000|89.1000000
S2|D: 0.419m,0046|458|     541.846724|205.8750000|89.1000000
M2|done|79.20|459|     543.570006
M3|done|79.20|460|     544.819997
S1|D: 0.545m,0091|461|545.597749|25.8750000|79.2000000
S2|D: 0.424m,0047|462|     546.847724|205.8750000|79.2000000
M2|done|69.30|463|     548.571018
S2|S: 26.2`C,3.1V|465|     549.948733|205.8750000|69.3000000
M3|done|69.30|464|     549.920997
S1|S: 27.3`C,3.1V|466|550.699745|25.8750000|69.3000000
S1|D: 0.593m,0100|467|551.949741|25.8750000|69.3000000
S2|D: 0.444m,0041|468|     553.199724|205.8750000|69.3000000
M2|done|59.40|469|     555.024045
M3|done|59.40|470|     555.524002
S1|D: 0.674m,0107|471|555.800752|25.8750000|59.4000000
S2|D: 0.480m,0045|472|     557.050723|205.8750000|59.4000000
M2|done|49.50|473|     559.824016
M3|done|49.50|474|     561.074002
S1|D: 0.813m,0157|475|561.951751|25.8750000|49.5000000
S2|D: 0.544m,0051|476|     563.691727|205.8750000|49.5000000
M2|done|39.60|477|     564.774003
M3|done|39.60|478|     565.874990
S1|D: 1.066m,0121|479|566.752748|25.8750000|39.6000000
S2|D: 0.642m,0071|480|     567.732727|205.8750000|39.6000000
M2|done|29.70|481|     568.815030
M3|done|29.70|482|     569.625982
S1|D: 1.544m,0063|483|570.403748|25.8750000|29.7000000
S2|D: 0.819m,0105|484|     571.653723|205.8750000|29.7000000
M2|done|19.80|485|     573.377010
M3|done|19.80|486|     574.626989
S1|D: 1.952m,0046|487|575.404748|25.8750000|19.8000000
S2|D: 1.142m,0108|488|     576.654723|205.8750000|19.8000000
M2|done|9.90|489|     578.478954
M3|done|9.90|490|     578.978933
S1|D: 1.983m,0039|491|579.255748|25.8750000| 9.9000000
S2|D: 1.971m,0034|492|     580.505723|205.8750000| 9.9000000
M1|done|31.05|493|     582.100458
S1|D: 1.983m,0041|494|583.006756|31.0500000| 9.9000000
S2|D: 1.981m,0038|495|     584.356722|211.0500000| 9.9000000
M2|done|0.00|496|     585.428725
M3|done|0.00|497|     586.079690
S1|D: 1.983m,0120|498|587.907749|31.0500000| 0.0000000
S2|D: 1.973m,0044|499|     589.257723|211.0500000| 0.0000000
M2|done|9.90|500|     590.329787
S1|D: 1.982m,0034|502|592.158769|31.0500000| 9.9000000
M3|done|9.90|501|     592.130775
S2|D: 1.983m,0046|503|     592.911723|211.0500000| 9.9000000
M2|done|19.80|504|     594.634824
M3|done|19.80|505|     595.884787
S1|D: 1.993m,0049|506|596.662748|31.0500000|19.8000000
S2|D: 1.184m,0113|507|     597.912723|211.0500000|19.8000000
M2|done|29.70|508|     599.737067
M3|done|29.70|509|     600.237023
S1|D: 1.274m,0061|510|600.513752|31.0500000|29.7000000
S2|D: 0.845m,0116|511|     601.763723|211.0500000|29.7000000
M2|done|39.60|512|     603.486817
M3|done|39.60|513|     604.736815
S1|D: 0.931m,0102|514|605.514747|31.0500000|39.6000000
S2|D: 0.663m,0058|515|     606.764721|211.0500000|39.6000000
M2|done|49.50|516|     608.487816
M3|done|49.50|517|     609.837815
S1|D: 0.746m,0119|518|609.865767|31.0500000|49.5000000
S2|S: 26.1`C,3.1V|519|     610.855722|211.0500000|49.5000000
S1|S: 27.1`C,3.1V|520|611.767743|31.0500000|49.5000000
S2|D: 0.562m,0051|521|     614.067723|211.0500000|49.5000000
M2|done|59.40|522|     615.890809
M3|done|59.40|523|     616.390822
S1|D: 0.640m,0069|524|616.668747|31.0500000|59.4000000
S2|D: 0.496m,0052|525|     617.918722|211.0500000|59.4000000
M2|done|69.30|526|     619.641816
S1|D: 0.576m,0063|528|621.019767|31.0500000|69.3000000
M3|done|69.30|527|     620.991815
S2|D: 0.458m,0047|529|     621.772721|211.0500000|69.3000000
M2|done|79.20|530|     623.495809
M3|done|79.20|531|     625.795815
S1|D: 0.539m,0056|532|626.673746|31.0500000|79.2000000
S2|D: 0.436m,0046|533|     627.273726|211.0500000|79.2000000
M2|done|89.10|534|     628.356015
M3|done|89.10|535|     629.546982
S1|D: 0.518m,0076|536|630.324747|31.0500000|89.1000000
S2|D: 0.430m,0047|537|     631.674721|211.0500000|89.1000000
M2|done|99.00|538|     632.747029
M3|done|99.00|539|     634.447988
S1|D: 0.518m,0057|540|635.225751|31.0500000|99.0000000
S2|D: 0.437m,0050|541|     636.475722|211.0500000|99.0000000
M2|done|108.90|542|     638.300051
M3|done|108.90|543|     638.800008
S1|D: 0.533m,0058|544|639.076751|31.0500000|108.9000000
S2|D: 0.460m,0055|545|     640.326721|211.0500000|108.9000000
M2|done|118.80|546|     642.050029
S1|D: 0.565m,0065|548|643.427771|31.0500000|118.8000000
M3|done|118.80|547|     643.400008
S2|D: 0.502m,0058|549|     644.181722|211.0500000|118.8000000
M2|done|128.70|550|     645.905051
M3|done|128.70|551|     648.205008
S1|D: 0.627m,0080|552|649.082750|31.0500000|128.7000000
S2|D: 0.569m,0052|553|     649.682726|211.0500000|128.7000000
M2|done|138.60|554|     650.765073
M3|done|138.60|555|     651.956029
S1|D: 0.717m,0108|556|652.733751|31.0500000|138.6000000
S2|D: 0.688m,0045|557|     654.083721|211.0500000|138.6000000
M2|done|148.50|558|     655.156037
M3|done|148.50|559|     655.807029
S1|D: 0.754m,0184|560|656.584750|31.0500000|148.5000000
S2|D: 0.724m,1108|561|     658.334722|211.0500000|148.5000000
M2|done|158.40|562|     660.557049
M3|done|158.40|563|     661.057021
S1|D: 0.084m,0168|564|661.285750|31.0500000|158.4000000
S2|D: 0.088m,0143|565|     663.035722|211.0500000|158.4000000
M2|done|168.30|566|     664.498063
M3|done|168.30|567|     665.309001
S1|D: 0.081m,0425|568|666.186749|31.0500000|168.3000000
S2|D: 0.080m,0117|569|     667.926725|211.0500000|168.3000000
M2|done|178.20|570|     669.389063
M1|done|36.23|572|     670.270456
M3|done|178.20|571|     669.889029
S1|D: 0.068m,0064|573|670.887758|36.2250000|178.2000000
S2|S: 25.9`C,3.1V|574|     672.137720|216.2250000|178.2000000
S1|S: 27.1`C,3.1V|575|673.388742|36.2250000|178.2000000
S2|D: 0.079m,0045|576|     674.638720|216.2250000|178.2000000
M2|done|188.10|577|     676.362037
M3|done|188.10|578|     677.612029
S1|D: 0.076m,0069|579|678.489749|36.2250000|188.1000000
S2|D: 0.072m,0056|580|     679.089725|216.2250000|188.1000000
M2|done|178.20|581|     680.172043
S1|D: 0.068m,0074|583|682.540770|36.2250000|178.2000000
M3|done|178.20|582|     682.513007
S2|D: 0.079m,0054|584|     683.393720|216.2250000|178.2000000
M2|done|168.30|585|     684.466029
M3|done|168.30|586|     686.167007
S1|D: 0.074m,0444|587|686.944750|36.2250000|168.3000000
S2|D: 0.086m,0103|588|     688.694722|216.2250000|168.3000000
M2|done|158.40|589|     690.157049
M3|done|158.40|590|     691.068042
S1|D: 0.079m,0243|591|691.095774|36.2250000|158.4000000
S2|D: 0.088m,0071|592|     692.845722|216.2250000|158.4000000
M2|done|148.50|593|     693.928043
M3|done|148.50|594|     695.669022
S1|D: 0.748m,0195|595|696.446750|36.2250000|148.5000000
S2|D: 0.688m,0107|596|     698.196721|216.2250000|148.5000000
M2|done|138.60|597|     699.649056
M3|done|138.60|598|     700.159459
S1|D: 0.759m,0135|599|700.196761|36.2250000|138.6000000
S2|D: 0.702m,0187|600|     701.186721|216.2250000|138.6000000
M2|done|128.70|601|     703.409049
M3|done|128.70|602|     705.071013
S1|D: 0.658m,0097|603|705.948748|36.2250000|128.7000000
S2|D: 0.593m,0066|604|     706.928724|216.2250000|128.7000000
M2|done|118.80|605|     708.011048
M3|done|118.80|606|     708.822043
S1|D: 0.593m,0105|607|709.599749|36.2250000|118.8000000
S2|D: 0.524m,0053|608|     710.949719|216.2250000|118.8000000
M2|done|108.90|609|     712.021840
M3|done|108.90|610|     712.672825
S1|D: 0.558m,0061|611|713.450745|36.2250000|108.9000000
S2|D: 0.478m,0051|612|     714.700719|216.2250000|108.9000000
M2|done|99.00|613|     716.423819
M3|done|99.00|614|     717.673798
S1|D: 0.541m,0071|615|718.451745|36.2250000|99.0000000
S2|D: 0.454m,0054|616|     719.701719|216.2250000|99.0000000
M2|done|89.10|617|     721.524840
M3|done|89.10|618|     722.024827
S1|D: 0.542m,0066|619|722.302745|36.2250000|89.1000000
S2|D: 0.447m,0045|620|     723.552719|216.2250000|89.1000000
M2|done|79.20|621|     725.276020
M3|done|79.20|622|     726.525978
S1|D: 0.561m,0067|623|727.303745|36.2250000|79.2000000
S2|D: 0.454m,0051|624|     728.653718|216.2250000|79.2000000
M2|done|69.30|625|     729.726015
M3|done|69.30|626|     731.426986
S1|D: 0.596m,0072|627|732.304744|36.2250000|69.3000000
S2|S: 25.9`C,3.1V|628|     732.904724|216.2250000|69.3000000
S1|S: 27.0`C,3.1V|629|733.556741|36.2250000|69.3000000
S2|D: 0.474m,0057|630|     734.806719|216.2250000|69.3000000
M2|done|59.40|631|     736.631048
M3|done|59.40|632|     737.131026
S1|D: 0.663m,0074|633|737.407749|36.2250000|59.4000000
S2|D: 0.514m,0056|634|     739.707721|216.2250000|59.4000000
M2|done|49.50|635|     741.431048
M3|done|49.50|636|     742.781043
S1|D: 0.769m,0106|637|742.808769|36.2250000|49.5000000
S2|D: 0.582m,0065|638|     743.798719|216.2250000|49.5000000
M2|done|39.60|639|     745.183020
M3|done|39.60|640|     747.482950
S1|D: 0.955m,0100|641|748.360744|36.2250000|39.6000000
S2|D: 0.685m,0073|642|     749.340724|216.2250000|39.6000000
M2|done|29.70|643|     750.423015
M3|done|29.70|644|     751.233986
S1|D: 1.283m,0067|645|752.011745|36.2250000|29.7000000
S2|D: 0.869m,0100|646|     753.261719|216.2250000|29.7000000
M2|done|19.80|647|     754.984981
M3|done|19.80|648|     756.234971
S1|D: 1.991m,0045|649|757.012744|36.2250000|19.8000000
S2|D: 1.223m,0089|650|     758.262718|216.2250000|19.8000000
M2|done|9.90|651|     760.086958
M3|done|9.90|652|     760.586971
S1|D: 1.982m,0050|653|760.863744|36.2250000| 9.9000000
S2|D: 1.989m,0048|654|     762.113718|216.2250000| 9.9000000
M1|done|41.40|655|     763.708419
S1|D: 1.983m,0043|656|764.714743|41.4000000| 9.9000000
S2|D: 2.001m,0036|657|     765.314731|221.4000000| 9.9000000
M2|done|0.00|658|     766.396700
M3|done|0.00|659|     767.587701
S1|D: 1.982m,0130|660|769.415745|41.4000000| 0.0000000
S2|D: 1.973m,0036|661|     770.765718|221.4000000| 0.0000000
M2|done|9.90|662|     771.837778
M3|done|9.90|663|     772.488770
S1|D: 1.982m,0030|664|773.266744|41.4000000| 9.9000000
S2|D: 2.001m,0039|665|     774.516718|221.4000000| 9.9000000
M2|done|19.80|666|     776.239831
M3|done|19.80|667|     777.489807
S1|D: 2.019m,0031|668|778.267744|41.4000000|19.8000000
S2|D: 1.301m,0093|669|     779.517718|221.4000000|19.8000000
M2|done|29.70|670|     781.342027
M3|done|29.70|671|     781.842043
S1|D: 1.370m,0062|672|782.118748|41.4000000|29.7000000
S2|D: 0.922m,0111|673|     783.368718|221.4000000|29.7000000
M2|done|39.60|674|     785.091831
M3|done|39.60|675|     786.341805
S1|D: 1.020m,0085|676|787.119744|41.4000000|39.6000000
S2|D: 0.724m,0092|677|     788.369718|221.4000000|39.6000000
M2|done|49.50|678|     790.092831
M3|done|49.50|679|     791.442805
S1|D: 0.820m,0159|680|791.470764|41.4000000|49.5000000
S2|D: 0.616m,0065|681|     792.460718|221.4000000|49.5000000
S2|S: 25.7`C,3.1V|682|     793.372718|221.4000000|49.5000000
S1|S: 26.8`C,3.1V|683|794.623739|41.4000000|49.5000000
M2|done|59.40|684|     796.445831
M3|done|59.40|685|     796.945805
S1|D: 0.707m,0094|686|798.273745|41.4000000|59.4000000
S2|D: 0.544m,0047|687|     799.523718|221.4000000|59.4000000
M2|done|69.30|688|     801.246831
S1|D: 0.638m,0085|690|802.624764|41.4000000|69.3000000
M3|done|69.30|689|     802.596805
S2|D: 0.503m,0066|691|     803.377718|221.4000000|69.3000000
M2|done|79.20|692|     805.100831
M3|done|79.20|693|     807.400796
S1|D: 0.598m,0076|694|808.278742|41.4000000|79.2000000
S2|D: 0.479m,0047|695|     808.878722|221.4000000|79.2000000
M2|done|89.10|696|     809.961004
M3|done|89.10|697|     811.151984
S1|D: 0.577m,0071|698|811.929743|41.4000000|89.1000000
S2|D: 0.472m,0035|699|     813.279716|221.4000000|89.1000000
M2|done|99.00|700|     814.352011
M3|done|99.00|701|     816.053004
S1|D: 0.575m,0049|702|816.830746|41.4000000|99.0000000
S2|D: 0.479m,0053|703|     818.080717|221.4000000|99.0000000
M2|done|108.90|704|     819.905047
M3|done|108.90|705|     820.405026
S1|D: 0.592m,0073|706|820.681746|41.4000000|108.9000000
S2|D: 0.505m,0059|707|     821.931717|221.4000000|108.9000000
M2|done|118.80|708|     823.655047
M3|done|118.80|709|     824.905018
S1|D: 0.629m,0101|710|825.682746|41.4000000|118.8000000
S2|D: 0.550m,0050|711|     826.932717|221.4000000|118.8000000
M2|done|128.70|712|     828.656011
M3|done|128.70|713|     830.006004
S1|D: 0.699m,0107|714|830.033767|41.4000000|128.7000000
S2|D: 0.624m,0064|715|     831.023717|221.4000000|128.7000000
M2|done|138.60|716|     832.408055
M3|done|138.60|717|     834.708018
S1|D: 0.801m,0096|718|835.585746|41.4000000|138.6000000
S2|D: 0.739m,0178|719|     836.565722|221.4000000|138.6000000
M2|done|148.50|720|     838.788012
M3|done|148.50|721|     839.288012
S1|D: 0.753m,0181|722|839.325758|41.4000000|148.5000000
S2|D: 0.686m,0110|723|     841.075717|221.4000000|148.5000000
M2|done|158.40|724|     842.538060
M3|done|158.40|725|     843.048018
S1|D: 5.462m,0272|726|843.085759|41.4000000|158.4000000
S2|D: 0.084m,0159|727|     844.835717|221.4000000|158.4000000
M2|done|168.30|728|     847.058017
M3|done|168.30|729|     847.572005
S1|D: 0.076m,0130|730|848.348746|41.4000000|168.3000000
S2|D: 0.078m,0109|731|     850.098717|221.4000000|168.3000000
M2|done|178.20|732|     851.551046
M1|done|46.58|734|     852.442635
M3|done|178.20|733|     852.061449
S1|D: 0.068m,0112|735|853.149754|46.5750000|178.2000000
S2|S: 25.7`C,3.1V|736|     854.399717|226.5750000|178.2000000
S1|S: 26.9`C,3.1V|737|855.650737|46.5750000|178.2000000
S2|D: 0.080m,0084|738|     856.900716|226.5750000|178.2000000
M2|done|188.10|739|     858.624034
M3|done|188.10|740|     859.874010
S1|D: 0.070m,0097|741|860.651745|46.5750000|188.1000000
S2|D: 0.077m,0050|742|     862.001715|226.5750000|188.1000000
M2|done|178.20|743|     863.074017
M3|done|178.20|744|     863.724997
S1|D: 0.067m,0110|745|864.502745|46.5750000|178.2000000
S2|D: 0.078m,0086|746|     865.752716|226.5750000|178.2000000
M2|done|168.30|747|     867.476038
M3|done|168.30|748|     868.726016
S1|D: 0.079m,0139|749|869.503745|46.5750000|168.3000000
S2|D: 0.082m,0088|750|     870.753716|226.5750000|168.3000000
M2|done|158.40|751|     872.578024
M3|done|158.40|752|     873.078016
S1|D: 0.673m,0152|753|873.354745|46.5750000|158.4000000
S2|D: 0.088m,0690|754|     875.104717|226.5750000|158.4000000
M2|done|148.50|755|     877.327018
M3|done|148.50|756|     878.527997
S1|D: 0.748m,0213|757|878.555766|46.5750000|148.5000000
S2|D: 0.687m,0110|758|     880.305717|226.5750000|148.5000000
M2|done|138.60|759|     881.768024
M3|done|138.60|760|     882.277997
S1|D: 0.861m,0300|761|882.756745|46.5750000|138.6000000
S2|D: 0.775m,0156|762|     884.506717|226.5750000|138.6000000
M3|done|128.70|764|     885.969239
S1|D: 0.861m,0296|765|886.407753|46.5750000|138.6000000
S2|D: 0.673m,0064|766|     888.157718|226.5750000|128.7000000
M2|done|118.80|767|     889.483978
M3|done|118.80|768|     890.431011
S1|D: 0.682m,0099|769|891.308745|46.5750000|118.8000000
S2|D: 0.591m,0062|770|     892.288721|226.5750000|118.8000000
M2|done|108.90|771|     894.081817
M3|done|108.90|772|     895.331830
S1|D: 0.639m,0075|773|896.109741|46.5750000|108.9000000
S2|D: 0.541m,0067|774|     897.459716|226.5750000|108.9000000
M2|done|99.00|775|     898.531808
M3|done|99.00|776|     899.182824
S1|D: 0.620m,0074|777|899.960741|46.5750000|99.0000000
S2|D: 0.513m,0053|778|     901.210716|226.5750000|99.0000000
M2|done|89.10|779|     902.933808
M3|done|89.10|780|     904.183823
S1|D: 0.623m,0089|781|904.961741|46.5750000|89.1000000
S2|D: 0.505m,0051|782|     906.211715|226.5750000|89.1000000
M2|done|79.20|783|     908.036003
M3|done|79.20|784|     908.535982
S1|D: 0.642m,0083|785|908.812740|46.5750000|79.2000000
S2|D: 0.514m,0059|786|     910.062715|226.5750000|79.2000000
M2|done|69.30|787|     912.835976
M3|done|69.30|788|     914.286982
S1|D: 0.682m,0095|789|914.314752|46.5750000|69.3000000
S2|D: 0.538m,0060|790|     915.294728|226.5750000|69.3000000
S2|S: 25.7`C,3.1V|791|     916.115715|226.5750000|69.3000000
S1|S: 27.0`C,3.1V|792|917.366736|46.5750000|69.3000000
M2|done|59.40|793|     919.190039
M3|done|59.40|794|     919.690001
S1|D: 0.757m,0116|795|919.966744|46.5750000|59.4000000
S2|D: 0.581m,0055|796|     922.266716|226.5750000|59.4000000
M2|done|49.50|797|     923.990039
M3|done|49.50|798|     925.339982
S1|D: 0.873m,0137|799|925.367765|46.5750000|49.5000000
S2|D: 0.657m,0060|800|     926.357715|226.5750000|49.5000000
M2|done|39.60|801|     927.741990
M3|done|39.60|802|     928.991982
S1|D: 1.079m,0102|803|929.869740|46.5750000|39.6000000
S2|D: 0.771m,0101|804|     930.849720|226.5750000|39.6000000
M2|done|29.70|805|     932.643001
M3|done|29.70|806|     933.892988
S1|D: 1.440m,0068|807|934.670740|46.5750000|29.7000000
S2|D: 0.976m,0111|808|     936.020714|226.5750000|29.7000000
M2|done|19.80|809|     937.472994
S1|D: 2.031m,0042|811|938.921761|46.5750000|19.8000000
M3|done|19.80|810|     938.893981
S2|D: 1.387m,0075|812|     939.674715|226.5750000|19.8000000
M2|done|9.90|813|     941.397953
S1|D: 1.983m,0045|815|942.775761|46.5750000| 9.9000000
M3|done|9.90|814|     942.747926
S2|D: 2.006m,0043|816|     943.528715|226.5750000| 9.9000000
M1|done|51.75|817|     945.123608
S1|D: 1.983m,0039|818|946.029748|51.7500000| 9.9000000
S2|D: 2.013m,0038|819|     947.279715|231.7500000| 9.9000000
M2|done|0.00|820|     949.002696
M3|done|0.00|821|     950.252696
S1|D: 1.982m,0109|822|951.030740|51.7500000| 0.0000000
S2|D: 1.974m,0037|823|     952.380715|231.7500000| 0.0000000
M2|done|9.90|824|     953.452775
M3|done|9.90|825|     954.103767
S1|D: 1.982m,0034|826|954.881740|51.7500000| 9.9000000
S2|D: 2.012m,0035|827|     956.131715|231.7500000| 9.9000000
M2|done|19.80|828|     957.954815
M3|done|19.80|829|     958.454828
S1|D: 2.038m,0034|830|958.732739|51.7500000|19.8000000
S2|D: 1.529m,0064|831|     959.982714|231.7500000|19.8000000
M2|done|29.70|832|     962.756014
S1|D: 1.586m,0056|834|964.133764|51.7500000|29.7000000
M3|done|29.70|833|     964.105981
S2|D: 1.074m,0122|835|     964.886714|231.7500000|29.7000000
M2|done|39.60|836|     966.609808
S1|D: 1.194m,0075|838|967.987759|51.7500000|39.6000000
M3|done|39.60|837|     967.959828
S2|D: 0.844m,0106|839|     968.740714|231.7500000|39.6000000
M2|done|49.50|840|     970.463829
M3|done|49.50|841|     971.713828
S1|D: 0.965m,0101|842|972.491739|51.7500000|49.5000000
S2|D: 0.718m,0092|843|     973.741714|231.7500000|49.5000000
M2|done|59.40|844|     975.464829
S2|S: 25.7`C,3.1V|845|     976.242722|231.7500000|49.5000000
S1|S: 26.9`C,3.1V|846|977.493735|51.7500000|59.4000000
M3|done|59.40|847|     979.315828
S1|D: 0.835m,0139|848|979.343760|51.7500000|59.4000000
S2|D: 0.635m,0075|849|     980.333714|231.7500000|59.4000000
M2|done|69.30|850|     981.717834
M3|done|69.30|851|     982.967828
S1|D: 0.753m,0097|852|983.845738|51.7500000|69.3000000
S2|D: 0.587m,0074|853|     984.825718|231.7500000|69.3000000
M2|done|79.20|854|     986.618820
M3|done|79.20|855|     987.868828
S1|D: 0.710m,0098|856|988.646739|51.7500000|79.2000000
S2|D: 0.559m,0050|857|     989.996713|231.7500000|79.2000000
M2|done|89.10|858|     991.068993
M3|done|89.10|859|     991.719986
S1|D: 0.686m,0087|860|992.497739|51.7500000|89.1000000
S2|D: 0.553m,0053|861|     993.847713|231.7500000|89.1000000
M2|done|99.00|862|     994.920014
M3|done|99.00|863|     995.571007
S1|D: 0.683m,0093|864|996.348743|51.7500000|99.0000000
S2|D: 0.560m,0051|865|     997.598714|231.7500000|99.0000000
M2|done|108.90|866|     999.322042
M3|done|108.90|867|    1000.572008
S1|D: 0.704m,0099|868|1001.349743|51.7500000|108.9000000
S2|D: 0.589m,0069|869|    1002.599714|231.7500000|108.9000000
M2|done|118.80|870|    1004.424056
M3|done|118.80|871|    1004.924008
S1|D: 0.749m,0108|872|1005.200743|51.7500000|118.8000000
S2|D: 0.643m,0073|873|    1006.450714|231.7500000|118.8000000
M2|done|128.70|874|    1008.174038
M3|done|128.70|875|    1009.423999
S1|D: 0.830m,0139|876|1010.201742|51.7500000|128.7000000
S2|D: 0.735m,0088|877|    1011.451712|231.7500000|128.7000000
M2|done|138.60|878|    1013.175055
M3|done|138.60|879|    1014.425041
S1|D: 0.892m,0258|880|1015.302741|51.7500000|138.6000000
S2|D: 0.774m,0153|881|    1017.042717|231.7500000|138.6000000
M2|done|148.50|882|    1018.505038
M3|done|148.50|883|    1019.226013
S1|D: 0.752m,0202|884|1020.103741|51.7500000|148.5000000
S2|D: 0.686m,0109|885|    1021.843717|231.7500000|148.5000000
M2|done|158.40|886|    1023.306077
M3|done|158.40|887|    1023.806041
S1|D: 0.674m,0135|888|1023.843754|51.7500000|158.4000000
S2|D: 0.174m,0216|889|    1024.833713|231.7500000|158.4000000
M2|done|168.30|890|    1027.056056
M3|done|168.30|891|    1027.566013
S1|D: 0.073m,0154|892|1028.355741|51.7500000|168.3000000
S2|D: 0.080m,0122|893|    1030.095717|231.7500000|168.3000000
M2|done|178.20|894|    1031.558055
M3|done|178.20|895|    1032.278999
M1|done|56.93|896|    1033.400596
S1|D: 0.073m,0090|897|1034.406741|56.9250000|178.2000000
S2|D: 0.079m,0050|898|    1035.006725|236.9250000|178.2000000
M2|done|188.10|899|    1036.089055
S2|S: 25.7`C,3.1V|900|    1036.807724|236.9250000|178.2000000
S1|S: 27.1`C,3.1V|901|1038.058734|56.9250000|188.1000000
M3|done|188.10|902|    1039.781013
S1|D: 0.071m,0149|903|1040.658741|56.9250000|188.1000000
S2|D: 0.074m,0092|904|    1042.398725|236.9250000|188.1000000
M2|done|178.20|905|    1043.481035
M3|done|178.20|906|    1043.980999
S1|D: 0.073m,0078|907|1045.259743|56.9250000|178.2000000
S2|D: 0.078m,0051|908|    1046.609712|236.9250000|178.2000000
M2|done|168.30|909|    1047.681999
M3|done|168.30|910|    1048.332993
S1|D: 0.072m,0155|911|1049.110742|56.9250000|168.3000000
S2|D: 0.079m,0121|912|    1050.860714|236.9250000|168.3000000
M2|done|158.40|913|    1052.323041
M3|done|158.40|914|    1053.134042
S1|D: 0.671m,0138|915|1053.911742|56.9250000|158.4000000
S2|D: 0.178m,0064|916|    1055.661714|236.9250000|158.4000000
M2|done|148.50|917|    1056.744041
M3|done|148.50|918|    1057.934998
S1|D: 0.749m,0236|919|1058.812740|56.9250000|148.5000000
S2|D: 0.685m,0100|920|    1060.552716|236.9250000|148.5000000
M2|done|138.60|921|    1062.015040
M3|done|138.60|922|    1062.736033
S1|D: 0.882m,0215|923|1063.513741|56.9250000|138.6000000
S2|D: 0.772m,0162|924|    1065.263711|236.9250000|138.6000000
M2|done|128.70|925|    1066.716019
M3|done|128.70|926|    1067.226443
S1|D: 1.112m,0176|927|1067.263753|56.9250000|128.7000000
S2|D: 0.825m,0061|928|    1069.013712|236.9250000|128.7000000
M2|done|118.80|929|    1070.988042
M3|done|118.80|930|    1072.338033
S1|D: 1.534m,0141|931|1072.365765|56.9250000|118.8000000
S2|D: 0.721m,0077|932|    1074.115713|236.9250000|118.8000000
M2|done|108.90|933|    1075.197818
M3|done|108.90|934|    1075.888811
S1|D: 2.750m,0289|935|1076.666737|56.9250000|108.9000000
S2|D: 0.661m,0055|936|    1078.416713|236.9250000|108.9000000
M2|done|99.00|937|    1079.488818
M3|done|99.00|938|    1079.998783
S1|D: 4.701m,1504|939|1080.318737|56.9250000|99.0000000
S2|D: 0.627m,0065|940|    1082.068713|236.9250000|99.0000000
M2|done|89.10|941|    1084.241818
M3|done|89.10|942|    1085.591826
S1|D: 5.553m,0176|943|1085.619757|56.9250000|89.1000000
S2|D: 0.619m,0062|944|    1087.369713|236.9250000|89.1000000
M2|done|79.20|945|    1088.451986
M3|done|79.20|946|    1089.142978
S1|D: 5.802m,0095|947|1089.920737|56.9250000|79.2000000
S2|D: 0.624m,0060|948|    1091.170711|236.9250000|79.2000000
M2|done|69.30|949|    1092.894014
M3|done|69.30|950|    1094.143949
S1|D: 0.840m,0154|951|1095.021736|56.9250000|69.3000000
S2|D: 0.654m,0075|952|    1096.761716|236.9250000|69.3000000
S2|S: 25.7`C,3.1V|954|    1097.871728|236.9250000|69.3000000
M2|done|59.40|953|    1097.844034
S1|S: 27.4`C,3.1V|955|1098.584733|56.9250000|59.4000000
M3|done|59.40|956|    1100.307033
S1|D: 0.929m,0149|957|1101.084749|56.9250000|59.4000000
S2|D: 0.709m,0082|958|    1102.334711|236.9250000|59.4000000
M2|done|49.50|959|    1104.159042
M3|done|49.50|960|    1104.659019
S1|D: 1.071m,0102|961|1105.985742|56.9250000|49.5000000
S2|D: 0.796m,0096|962|    1107.235711|236.9250000|49.5000000
M2|done|39.60|963|    1109.060011
M3|done|39.60|964|    1109.559984
S1|D: 1.320m,0061|965|1109.836736|56.9250000|39.6000000
S2|D: 0.936m,0104|966|    1111.086710|236.9250000|39.6000000
M2|done|29.70|967|    1113.859971
S1|D: 1.739m,0054|969|1115.237756|56.9250000|29.7000000
M3|done|29.70|968|    1115.209969
S2|D: 1.190m,0119|970|    1115.990710|236.9250000|29.7000000
M2|done|19.80|971|    1117.713971
M3|done|19.80|972|    1118.963948
S1|D: 2.044m,0039|973|1119.741736|56.9250000|19.8000000
S2|D: 1.675m,0036|974|    1120.991710|236.9250000|19.8000000
M2|done|9.90|975|    1122.714949
M3|done|9.90|976|    1123.964920
S1|D: 1.983m,0045|977|1124.842735|56.9250000| 9.9000000
S2|D: 2.017m,0040|978|    1125.442715|236.9250000| 9.9000000
M1|done|62.10|979|    1126.396607
S1|D: 1.984m,0037|980|1127.243743|62.1000000| 9.9000000
S2|D: 2.019m,0046|981|    1128.493710|242.1000000| 9.9000000
M2|done|0.00|982|    1130.216706
M3|done|0.00|983|    1131.466692
S1|D: 1.980m,0120|984|1132.244736|62.1000000| 0.0000000
S2|D: 1.973m,0046|985|    1133.494710|242.1000000| 0.0000000
M2|done|9.90|986|    1135.317784
M3|done|9.90|987|    1135.817762
S1|D: 1.983m,0042|988|1136.095736|62.1000000| 9.9000000
S2|D: 2.017m,0034|989|    1137.345710|242.1000000| 9.9000000
M2|done|19.80|990|    1139.068826
M3|done|19.80|991|    1140.318804
S2|D: 1.895m,0052|993|    1141.196768|242.1000000|19.8000000
M2|done|29.70|994|    1143.970035
M3|done|29.70|995|    1145.220040
S1|D: 2.044m,0043|996|1146.097739|62.1000000|29.7000000
S2|D: 1.361m,0087|997|    1146.697715|242.1000000|29.7000000
M2|done|39.60|998|    1147.779825
M3|done|39.60|999|    1148.970803
S1|D: 2.247m,0035|1000|1149.748788|62.1000000|39.6000000
S2|D: 1.059m,0147|1001|    1150.998763|242.1000000|39.6000000
M2|done|49.50|1002|    1152.821833
M3|done|49.50|1003|    1153.321816
S1|D: 2.155m,0036|1004|1153.599788|62.1000000|49.5000000
S2|D: 0.905m,0106|1005|    1155.899764|242.1000000|49.5000000
M2|done|59.40|1006|    1157.722827
M3|done|59.40|1007|    1158.222817
S2|S: 25.7`C,3.1V|1008|    1158.500762|242.1000000|59.4000000
S1|S: 27.1`C,3.1V|1009|1159.751783|62.1000000|59.4000000
S1|D: 3.270m,0060|1010|1161.001779|62.1000000|59.4000000
S2|D: 0.805m,0115|1011|    1162.351762|242.1000000|59.4000000
M2|done|69.30|1012|    1163.803845
M3|done|69.30|1013|    1164.313823
S1|D: 4.342m,0062|1014|1164.752787|62.1000000|69.3000000
S2|D: 0.745m,0091|1015|    1167.052763|242.1000000|69.3000000
M2|done|79.20|1016|    1168.875830
M3|done|79.20|1017|    1169.375817
S1|D: 5.528m,0074|1018|1169.653787|62.1000000|79.2000000
S2|D: 0.709m,0075|1019|    1170.903761|242.1000000|79.2000000
M2|done|89.10|1020|    1172.627018
S1|D: 5.301m,0062|1022|1174.004806|62.1000000|89.1000000
M3|done|89.10|1021|    1173.976983
S2|D: 0.704m,0062|1023|    1175.808763|242.1000000|89.1000000
M2|done|99.00|1024|    1177.532047
M3|done|99.00|1025|    1178.782018
S1|D: 1.792m,0031|1026|1179.659790|62.1000000|99.0000000
S2|D: 0.714m,0073|1027|    1180.259766|242.1000000|99.0000000
M2|done|108.90|1028|    1181.342045
M3|done|108.90|1029|    1182.533018
S1|D: 1.831m,0034|1030|1183.310791|62.1000000|108.9000000
S2|D: 0.751m,0087|1031|    1184.661761|242.1000000|108.9000000
M2|done|118.80|1032|    1185.734038
M3|done|118.80|1033|    1186.385018
S1|D: 1.616m,0104|1034|1187.162791|62.1000000|118.8000000
S2|D: 0.825m,0097|1035|    1189.463764|242.1000000|118.8000000
M2|done|128.70|1036|    1191.389047
M3|done|128.70|1037|    1191.889018
S1|D: 1.120m,0180|1038|1191.916810|62.1000000|128.7000000
S2|D: 0.920m,0115|1039|    1193.666763|242.1000000|128.7000000
M2|done|138.60|1040|    1194.749031
M3|done|138.60|1041|    1195.990018
S1|D: 0.888m,0223|1042|1196.867790|62.1000000|138.6000000
S2|D: 0.774m,0142|1043|    1198.607765|242.1000000|138.6000000
M2|done|148.50|1044|    1200.070038
M3|done|148.50|1045|    1200.570033
S1|D: 0.751m,0204|1046|1200.607803|62.1000000|148.5000000
S2|D: 0.687m,0111|1047|    1202.620761|242.1000000|148.5000000
M2|done|158.40|1048|    1204.445065
M3|done|158.40|1049|    1204.945039
S1|D: 0.674m,0143|1050|1205.221791|62.1000000|158.4000000
S2|D: 0.178m,0182|1051|    1206.971763|242.1000000|158.4000000
M2|done|168.30|1052|    1209.194038
M3|done|168.30|1053|    1209.694003
S1|D: 0.232m,1088|1054|1210.023789|62.1000000|168.3000000
S2|D: 0.085m,0364|1055|    1211.763765|242.1000000|168.3000000
M2|done|178.20|1056|    1213.986033
M3|done|178.20|1057|    1214.486016
M1|done|67.27|1058|    1214.857968
S1|D: 0.069m,0075|1059|1215.776790|67.2750000|178.2000000
S2|D: 0.074m,0066|1060|    1217.127760|247.2750000|178.2000000
M2|done|188.10|1061|    1218.200033
M3|done|188.10|1062|    1218.851017
S2|S: 25.9`C,3.1V|1063|    1219.628765|247.2750000|188.1000000
S1|S: 27.2`C,3.1V|1064|1220.879782|67.2750000|188.1000000
S1|D: 0.076m,0085|1065|1222.230777|67.2750000|188.1000000
S2|D: 0.077m,0064|1066|    1222.830761|247.2750000|188.1000000
M2|done|178.20|1067|    1223.913030
M3|done|178.20|1068|    1225.105003
S1|D: 0.069m,0064|1069|1225.882790|67.2750000|178.2000000
S2|D: 0.074m,0048|1070|    1228.283761|247.2750000|178.2000000
M2|done|168.30|1071|    1229.356011
M3|done|168.30|1072|    1230.007003
S1|D: 0.235m,0139|1073|1230.784790|67.2750000|168.3000000
S2|D: 0.164m,0127|1074|    1232.534762|247.2750000|168.3000000
M2|done|158.40|1075|    1233.997030
M3|done|158.40|1076|    1234.909003
S1|D: 0.671m,0157|1077|1234.936813|67.2750000|158.4000000
S2|D: 0.177m,0136|1078|    1236.686762|247.2750000|158.4000000
M2|done|148.50|1079|    1238.362060
M3|done|148.50|1080|    1239.612003
S1|D: 0.747m,0218|1081|1240.489789|67.2750000|148.5000000
S2|D: 0.686m,0097|1082|    1242.229764|247.2750000|148.5000000
M2|done|138.60|1083|    1243.692044
M3|done|138.60|1084|    1244.192044
S1|D: 0.883m,0258|1085|1244.229801|67.2750000|138.6000000
S2|D: 0.772m,0130|1086|    1246.242760|247.2750000|138.6000000
M2|done|128.70|1087|    1248.067044
M3|done|128.70|1088|    1248.567017
S1|D: 1.110m,0204|1089|1248.843790|67.2750000|128.7000000
S2|D: 0.923m,0194|1090|    1250.593762|247.2750000|128.7000000
M2|done|118.80|1091|    1252.816037
M3|done|118.80|1092|    1253.316003
S1|D: 1.581m,0138|1093|1253.545790|67.2750000|118.8000000
S2|D: 0.982m,0122|1094|    1254.796760|247.2750000|118.8000000
M2|done|108.90|1095|    1256.519831
S1|D: 1.854m,0035|1097|1257.897809|67.2750000|108.9000000
M3|done|108.90|1096|    1257.869821
S2|D: 0.894m,0109|1098|    1258.651759|247.2750000|108.9000000
M2|done|99.00|1099|    1260.374808
M3|done|99.00|1100|    1261.624820
S1|D: 1.810m,0035|1101|1262.402785|67.2750000|99.0000000
S2|D: 0.850m,0100|1102|    1263.652759|247.2750000|99.0000000
M2|done|89.10|1103|    1265.475841
M3|done|89.10|1104|    1265.975821
S1|D: 1.827m,0034|1105|1266.253785|67.2750000|89.1000000
S2|D: 0.834m,0115|1106|    1268.553761|247.2750000|89.1000000
M2|done|79.20|1107|    1270.479031
M3|done|79.20|1108|    1270.978988
S1|D: 1.900m,0041|1109|1271.006804|67.2750000|79.2000000
S2|D: 0.840m,0109|1110|    1272.305759|247.2750000|79.2000000
M2|done|69.30|1111|    1274.029015
M3|done|69.30|1112|    1275.279002
S1|D: 2.023m,0039|1113|1276.156784|67.2750000|69.3000000
S2|D: 0.881m,0111|1114|    1276.756764|247.2750000|69.3000000
M2|done|59.40|1115|    1278.219059
M3|done|59.40|1116|    1279.030007
S1|D: 2.183m,0055|1117|1279.807789|67.2750000|59.4000000
S2|S: 26.0`C,3.1V|1118|    1281.057759|247.2750000|59.4000000
S1|S: 27.2`C,3.1V|1119|1282.308781|67.2750000|59.4000000
S2|D: 0.945m,0138|1120|    1283.558759|247.2750000|59.4000000
M2|done|49.50|1121|    1285.282053
S1|D: 2.509m,0048|1123|1286.659808|67.2750000|49.5000000
M3|done|49.50|1122|    1286.631987
S2|D: 1.061m,0127|1124|    1288.463761|247.2750000|49.5000000
M2|done|39.60|1125|    1290.187025
M3|done|39.60|1126|    1291.437002
S1|D: 2.262m,0036|1127|1292.314784|67.2750000|39.6000000
S2|D: 1.245m,0103|1128|    1292.914764|247.2750000|39.6000000
M2|done|29.70|1129|    1294.377015
M3|done|29.70|1130|    1295.187988
S1|D: 2.145m,0039|1131|1295.965785|67.2750000|29.7000000
S2|D: 1.603m,0056|1132|    1297.215759|247.2750000|29.7000000
M2|done|19.80|1133|    1298.938996
M3|done|19.80|1134|    1300.188987
S1|D: 2.045m,0040|1135|1300.966785|67.2750000|19.8000000
S2|D: 2.077m,0040|1136|    1302.216759|247.2750000|19.8000000
M2|done|9.90|1137|    1304.040966
M3|done|9.90|1138|    1304.540966
S1|D: 1.984m,0042|1139|1304.817785|67.2750000| 9.9000000
S2|D: 2.019m,0040|1140|    1306.067759|247.2750000| 9.9000000
M1|done|72.45|1141|    1307.662611
S1|D: 1.983m,0037|1142|1308.668783|72.4500000| 9.9000000
S2|D: 2.019m,0032|1143|    1309.268771|252.4500000| 9.9000000
M2|done|0.00|1144|    1311.441736
M3|done|0.00|1145|    1312.691742
S1|D: 1.978m,0122|1146|1313.569783|72.4500000| 0.0000000
S2|D: 1.974m,0050|1147|    1314.169763|252.4500000| 0.0000000
M2|done|9.90|1148|    1315.251821
M3|done|9.90|1149|    1316.442819
S1|D: 1.983m,0030|1150|1317.220784|72.4500000| 9.9000000
S2|D: 2.018m,0042|1151|    1318.470758|252.4500000| 9.9000000
M2|done|19.80|1152|    1320.193821
M3|done|19.80|1153|    1321.443791
S1|D: 2.042m,0036|1154|1322.321783|72.4500000|19.8000000
S2|D: 2.120m,0031|1155|    1322.921763|252.4500000|19.8000000
M2|done|29.70|1156|    1324.004048
M3|done|29.70|1157|    1325.194999
S1|D: 2.171m,0025|1158|1325.972788|72.4500000|29.7000000
S2|D: 1.958m,0046|1159|    1328.272760|252.4500000|29.7000000
M2|done|39.60|1160|    1330.195828
M3|done|39.60|1161|    1330.695784
S1|D: 2.250m,0032|1162|1330.723805|72.4500000|39.6000000
S2|D: 1.537m,0059|1163|    1332.023758|252.4500000|39.6000000
M2|done|49.50|1164|    1333.746840
S1|D: 2.526m,0036|1166|1335.124806|72.4500000|49.5000000
M3|done|49.50|1165|    1335.096820
S2|D: 1.304m,0083|1167|    1335.878758|252.4500000|49.5000000
M2|done|59.40|1168|    1337.601840
M3|done|59.40|1169|    1338.851827
S1|D: 2.192m,0043|1170|1339.629784|72.4500000|59.4000000
S2|S: 25.9`C,3.1V|1171|    1340.879758|252.4500000|59.4000000
S1|S: 26.9`C,3.1V|1172|1342.130779|72.4500000|59.4000000
S2|D: 1.162m,0128|1173|    1343.380758|252.4500000|59.4000000
M2|done|69.30|1174|    1345.203828
M3|done|69.30|1175|    1345.703826
S1|D: 1.960m,0049|1176|1345.981784|72.4500000|69.3000000
S2|D: 1.082m,0121|1177|    1347.231758|252.4500000|69.3000000
M2|done|79.20|1178|    1348.954840
S1|D: 1.829m,0048|1180|1350.332806|72.4500000|79.2000000
M3|done|79.20|1179|    1350.304820
S2|D: 1.036m,0145|1181|    1352.136760|252.4500000|79.2000000
M2|done|89.10|1182|    1353.860034
S1|D: 1.754m,0038|1184|1355.237803|72.4500000|89.1000000
M3|done|89.10|1183|    1355.209980
S2|D: 1.028m,0132|1185|    1355.991758|252.4500000|89.1000000
M2|done|99.00|1186|    1357.715048
M3|done|99.00|1187|    1358.965002
S1|D: 1.739m,0041|1188|1359.742787|72.4500000|99.0000000
S2|D: 1.053m,0132|1189|    1360.992757|252.4500000|99.0000000
M2|done|108.90|1190|    1362.716048
M3|done|108.90|1191|    1363.966006
S1|D: 1.781m,0035|1192|1364.743786|72.4500000|108.9000000
S2|D: 1.111m,0114|1193|    1366.094756|252.4500000|108.9000000
M2|done|118.80|1194|    1367.547012
M3|done|118.80|1195|    1368.057006
S1|D: 1.608m,0125|1196|1368.495786|72.4500000|118.8000000
S2|D: 1.189m,0162|1197|    1369.746757|252.4500000|118.8000000
M2|done|128.70|1198|    1371.969027
M3|done|128.70|1199|    1372.469006
S1|D: 1.117m,0194|1200|1372.506798|72.4500000|128.7000000
S2|D: 0.927m,0167|1201|    1374.448757|252.4500000|128.7000000
M2|done|138.60|1202|    1376.671012
M3|done|138.60|1203|    1377.322027
S1|D: 0.891m,0179|1204|1378.199786|72.4500000|138.6000000
S2|D: 0.775m,0150|1205|    1379.939761|252.4500000|138.6000000
M2|done|148.50|1206|    1382.162049
M3|done|148.50|1207|    1382.661985
S1|D: 0.753m,0177|1208|1382.689807|72.4500000|148.5000000
S2|D: 0.687m,0107|1209|    1384.439759|252.4500000|148.5000000
M2|done|158.40|1210|    1385.902077
M3|done|158.40|1211|    1386.402703
S1|D: 0.673m,0169|1212|1386.439798|72.4500000|158.4000000
S2|D: 0.176m,0198|1213|    1388.189757|252.4500000|158.4000000
M2|done|168.30|1214|    1390.412049
M3|done|168.30|1215|    1390.912034
S1|D: 0.231m,0309|1216|1390.949798|72.4500000|168.3000000
S2|D: 0.177m,0164|1217|    1392.699757|252.4500000|168.3000000
M2|done|178.20|1218|    1394.922049
M3|done|178.20|1219|    1395.422011
M1|done|77.62|1220|    1395.804609
S1|D: 0.188m,0072|1221|1396.709794|77.6250000|178.2000000
S2|D: 0.209m,0067|1222|    1397.960757|257.6250000|178.2000000
M2|done|188.10|1223|    1399.684049
S1|D: 0.070m,0079|1225|1401.061806|77.6250000|188.1000000
M3|done|188.10|1224|    1401.034005
S2|S: 26.2`C,3.1V|1226|    1401.815757|257.6250000|188.1000000
S1|S: 27.1`C,3.1V|1227|1403.066778|77.6250000|188.1000000
S2|D: 0.073m,0066|1228|    1404.317757|257.6250000|188.1000000
M2|done|178.20|1229|    1406.142027
M3|done|178.20|1230|    1406.642012
S1|D: 0.193m,0042|1231|1406.918787|77.6250000|178.2000000
S2|D: 0.211m,0052|1232|    1409.219759|257.6250000|178.2000000
M2|done|168.30|1233|    1410.943032
M3|done|168.30|1234|    1412.293033
S1|D: 0.234m,0174|1235|1412.320805|77.6250000|168.3000000
S2|D: 0.187m,0142|1236|    1414.070756|257.6250000|168.3000000
M2|done|158.40|1237|    1416.293032
M3|done|158.40|1238|    1416.793032
S1|D: 0.682m,0401|1239|1416.830797|77.6250000|158.4000000
S2|D: 0.175m,0104|1240|    1418.580758|257.6250000|158.4000000
M3|done|148.50|1242|    1420.043200
S1|D: 0.682m,0360|1243|1421.124793|77.6250000|158.4000000
S2|D: 0.686m,0085|1244|    1422.874758|257.6250000|148.5000000
M2|done|138.60|1245|    1424.580989
M3|done|138.60|1246|    1425.087033
S1|D: 0.882m,0203|1247|1425.926785|77.6250000|138.6000000
S2|D: 0.774m,0155|1248|    1427.666760|257.6250000|138.6000000
M2|done|128.70|1249|    1429.129046
M3|done|128.70|1250|    1429.629025
S1|D: 1.106m,0236|1251|1430.528785|77.6250000|128.7000000
S2|D: 0.926m,0215|1252|    1432.278757|257.6250000|128.7000000
M2|done|118.80|1253|    1434.501032
M3|done|118.80|1254|    1435.000997
S1|D: 1.575m,0150|1255|1435.038797|77.6250000|118.8000000
S2|D: 1.183m,0238|1256|    1436.028756|257.6250000|118.8000000
M2|done|108.90|1257|    1438.250852
M3|done|108.90|1258|    1438.750832
S1|D: 1.729m,0038|1259|1439.833781|77.6250000|108.9000000
S2|D: 1.337m,0173|1260|    1441.184756|257.6250000|108.9000000
M2|done|99.00|1261|    1443.396817
S1|D: 1.686m,0046|1263|1443.944793|77.6250000|99.0000000
M3|done|99.00|1262|    1443.906803
S2|D: 1.264m,0176|1264|    1445.785757|257.6250000|99.0000000
M2|done|89.10|1265|    1448.007834
S1|D: 1.697m,0045|1267|1448.286863|77.6250000|89.1000000
S2|D: 1.264m,0179|1268|    1449.536756|257.6250000|99.0000000
M2|done|79.20|1269|    1451.758992
M3|done|79.20|1270|    1453.703908
S1|D: 1.760m,0048|1271|1454.337781|77.6250000|79.2000000
S2|D: 1.229m,0160|1272|    1454.937761|257.6250000|79.2000000
M2|done|69.30|1273|    1457.159964
M3|done|69.30|1274|    1458.260998
S1|D: 1.881m,0050|1275|1460.088782|77.6250000|69.3000000
S2|D: 1.278m,0132|1276|    1461.438754|257.6250000|69.3000000
S2|S: 26.5`C,3.1V|1278|    1462.928767|257.6250000|69.3000000
M2|done|59.40|1277|    1462.891047
S1|S: 27.2`C,3.1V|1279|1464.890778|77.6250000|59.4000000
M3|done|59.40|1280|    1466.613024
S1|D: 2.093m,0037|1281|1467.490784|77.6250000|59.4000000
S2|D: 1.367m,0144|1282|    1468.090767|257.6250000|59.4000000
M2|done|49.50|1283|    1469.553031
M3|done|49.50|1284|    1471.414024
S1|D: 2.440m,0048|1285|1472.191784|77.6250000|49.5000000
S2|D: 1.539m,0089|1286|    1473.541754|257.6250000|49.5000000
M2|done|39.60|1287|    1474.613992
M3|done|39.60|1288|    1475.264989
S1|D: 2.392m,0049|1289|1477.092782|77.6250000|39.6000000
S2|D: 2.030m,0057|1290|    1478.342755|257.6250000|39.6000000
M2|done|29.70|1291|    1480.167025
M3|done|29.70|1292|    1480.666989
S1|D: 2.184m,0027|1293|1480.943780|77.6250000|29.7000000
S2|D: 2.287m,0033|1294|    1483.343755|257.6250000|29.7000000
M2|done|19.80|1295|    1484.415975
M3|done|19.80|1296|    1485.066976
S1|D: 2.045m,0033|1297|1485.844780|77.6250000|19.8000000
S2|D: 2.136m,0029|1298|    1487.094755|257.6250000|19.8000000
M2|done|9.90|1299|    1488.817955
M3|done|9.90|1300|    1490.067919
S1|D: 1.983m,0036|1301|1490.845780|77.6250000| 9.9000000
S2|D: 2.019m,0039|1302|    1492.095755|257.6250000| 9.9000000
M1|done|82.80|1303|    1493.690585
S1|D: 1.984m,0042|1304|1494.596788|82.8000000| 9.9000000
S2|D: 2.019m,0039|1305|    1495.946754|262.8000000| 9.9000000
M2|done|0.00|1306|    1497.018742
M3|done|0.00|1307|    1498.719718
S1|D: 1.981m,0117|1308|1499.497780|82.8000000| 0.0000000
S2|D: 1.974m,0037|1309|    1500.847755|262.8000000| 0.0000000
M2|done|9.90|1310|    1501.919802
M3|done|9.90|1311|    1502.570796
S1|D: 1.983m,0028|1312|1503.348780|82.8000000| 9.9000000
S2|D: 2.017m,0035|1313|    1504.598755|262.8000000| 9.9000000
M2|done|19.80|1314|    1506.321818
M3|done|19.80|1315|    1507.571810
S1|D: 2.041m,0035|1316|1508.349780|82.8000000|19.8000000
S2|D: 2.134m,0028|1317|    1509.599755|262.8000000|19.8000000
M2|done|29.70|1318|    1511.424032
M3|done|29.70|1319|    1511.924030
S1|D: 2.176m,0023|1320|1512.200783|82.8000000|29.7000000
S2|D: 2.325m,0043|1321|    1513.450754|262.8000000|29.7000000
M2|done|39.60|1322|    1515.173824
M3|done|39.60|1323|    1516.423794
S1|D: 2.388m,0037|1324|1517.201779|82.8000000|39.6000000
S2|D: 2.633m,0038|1325|    1518.451754|262.8000000|39.6000000
M2|done|49.50|1326|    1520.174824
S1|D: 2.401m,0048|1328|1521.552802|82.8000000|49.5000000
M3|done|49.50|1327|    1521.524794
S2|D: 2.612m,0061|1329|    1522.306754|262.8000000|49.5000000
S2|S: 26.2`C,3.1V|1330|    1524.607755|262.8000000|49.5000000
S1|S: 27.0`C,3.1V|1331|1525.858775|82.8000000|49.5000000
M2|done|59.40|1332|    1527.680824
M3|done|59.40|1333|    1528.180816
S1|D: 1.808m,0043|1334|1528.458779|82.8000000|59.4000000
S2|D: 2.346m,0058|1335|    1529.708754|262.8000000|59.4000000
M2|done|69.30|1336|    1531.431824
M3|done|69.30|1337|    1532.681794
S1|D: 1.625m,0045|1338|1533.459779|82.8000000|69.3000000
S2|D: 2.217m,0041|1339|    1534.709754|262.8000000|69.3000000
M2|done|79.20|1340|    1536.432824
M3|done|79.20|1341|    1537.682794
S1|D: 1.507m,0466|1342|1538.460779|82.8000000|79.2000000
S2|D: 2.141m,0046|1343|    1540.210755|262.8000000|79.2000000
M2|done|89.10|1344|    1541.293010
M3|done|89.10|1345|    1543.533996
S1|D: 1.458m,0037|1346|1544.411778|82.8000000|89.1000000
S2|D: 2.155m,0043|1347|    1545.011758|262.8000000|89.1000000
M2|done|99.00|1348|    1546.094032
M3|done|99.00|1349|    1548.335009
S1|D: 1.445m,0034|1350|1549.112783|82.8000000|99.0000000
S2|D: 0.171m,0124|1351|    1550.462753|262.8000000|99.0000000
M2|done|108.90|1352|    1551.915009
M3|done|108.90|1353|    1552.425031
S1|D: 1.479m,0035|1354|1552.863783|82.8000000|108.9000000
S2|D: 0.183m,0376|1355|    1555.164755|262.8000000|108.9000000
M2|done|118.80|1356|    1557.387032
M3|done|118.80|1357|    1557.887003
S1|D: 1.558m,0043|1358|1558.715783|82.8000000|118.8000000
S2|D: 0.209m,0644|1359|    1559.966754|262.8000000|118.8000000
M2|done|128.70|1360|    1562.189009
M3|done|128.70|1361|    1563.990024
S1|D: 1.114m,0183|1362|1564.017801|82.8000000|128.7000000
S2|D: 0.255m,1200|1363|    1565.767753|262.8000000|128.7000000
M2|done|138.60|1364|    1567.990023
M3|done|138.60|1365|    1568.503024
S1|D: 0.887m,0240|1366|1570.329783|82.8000000|138.6000000
S2|D: 0.778m,0140|1367|    1572.079753|262.8000000|138.6000000
M2|done|148.50|1368|    1573.532031
M3|done|148.50|1369|    1574.354024
S1|D: 0.072m,0505|1370|1575.131782|82.8000000|148.5000000
S2|D: 0.271m,0234|1371|    1576.881754|262.8000000|148.5000000
M2|done|158.40|1372|    1579.104038
M3|done|158.40|1373|    1579.604024
S1|D: 0.031m,1294|1374|1580.883783|82.8000000|158.4000000
S2|D: 0.175m,0094|1375|    1582.633754|262.8000000|158.4000000
M2|done|168.30|1376|    1583.716038
S2|S: 26.3`C,3.1V|1377|    1585.485775|262.8000000|158.4000000
S1|S: 27.1`C,3.1V|1378|1586.836773|82.8000000|168.3000000
M3|done|168.30|1379|    1587.339024
S1|D: 0.235m,0134|1380|1588.087790|82.8000000|168.3000000
S2|D: 0.175m,0184|1381|    1590.388753|262.8000000|168.3000000
M2|done|178.20|1382|    1592.611009
M3|done|178.20|1383|    1593.262024
M1|done|87.98|1384|    1594.383607
S1|D: 0.206m,0028|1385|1595.289790|87.9750000|178.2000000
S2|D: 0.227m,0030|1386|    1596.540752|267.9750000|178.2000000
M2|done|188.10|1387|    1598.365030
M3|done|188.10|1388|    1598.865024
S1|D: 0.204m,0041|1389|1600.191783|87.9750000|188.1000000
S2|D: 0.200m,0132|1390|    1601.542752|267.9750000|188.1000000
M2|done|178.20|1391|    1602.995003
M3|done|178.20|1392|    1604.316024
S1|D: 0.206m,0031|1393|1605.193781|87.9750000|178.2000000
S2|D: 0.227m,0024|1394|    1605.793757|267.9750000|178.2000000
M2|done|168.30|1395|    1606.876029
M3|done|168.30|1396|    1609.118009
S1|D: 0.214m,0040|1397|1609.895782|87.9750000|168.3000000
S2|D: 0.171m,0240|1398|    1611.246751|267.9750000|168.3000000
M2|done|158.40|1399|    1613.459002
M3|done|158.40|1400|    1613.969954
S1|D: 0.670m,0201|1401|1615.747782|87.9750000|158.4000000
S2|D: 0.173m,0146|1402|    1617.497752|267.9750000|158.4000000
M2|done|148.50|1403|    1618.950002
M3|done|148.50|1404|    1619.772000
S1|D: 0.118m,0152|1405|1620.549781|87.9750000|148.5000000
S2|D: 0.268m,0129|1406|    1622.299753|267.9750000|148.5000000
M2|done|138.60|1407|    1623.762044
M3|done|138.60|1408|    1625.624000
S1|D: 0.882m,0225|1409|1626.501780|87.9750000|138.6000000
S2|D: 0.305m,0188|1410|    1628.241755|267.9750000|138.6000000
M2|done|128.70|1411|    1630.463995
M3|done|128.70|1412|    1631.476000
S1|D: 1.104m,0172|1413|1633.403781|87.9750000|128.7000000
S2|D: 0.236m,1098|1414|    1635.143755|267.9750000|128.7000000
M2|done|118.80|1415|    1637.366021
M3|done|118.80|1416|    1638.378000
S1|D: 1.544m,0038|1417|1640.205782|87.9750000|118.8000000
S2|D: 0.196m,0635|1418|    1641.556752|267.9750000|118.8000000
M2|done|108.90|1419|    1643.768828
M3|done|108.90|1420|    1644.278827
S2|S: 26.4`C,3.1V|1421|    1646.057753|267.9750000|108.9000000
S1|S: 27.1`C,3.1V|1422|1647.308773|87.9750000|108.9000000
S1|D: 1.462m,0035|1423|1648.659768|87.9750000|108.9000000
S2|D: 0.171m,0332|1424|    1649.259752|267.9750000|108.9000000
M2|done|99.00|1425|    1651.481821
M3|done|99.00|1426|    1652.583798
S1|D: 1.425m,0040|1427|1654.411778|87.9750000|99.0000000
S2|D: 0.161m,0096|1428|    1655.761752|267.9750000|99.0000000
M2|done|89.10|1429|    1657.213821
M3|done|89.10|1430|    1657.723798
S1|D: 1.434m,0034|1431|1659.212778|87.9750000|89.1000000
S2|D: 4.290m,0069|1432|    1660.462751|267.9750000|89.1000000
M2|done|79.20|1433|    1662.286987
M3|done|79.20|1434|    1662.786993
S1|D: 1.487m,0037|1435|1663.063776|87.9750000|79.2000000
S2|D: 4.409m,0229|1436|    1665.363752|267.9750000|79.2000000
M2|done|69.30|1437|    1667.585973
M3|done|69.30|1438|    1668.236993
S1|D: 1.588m,0043|1439|1669.014776|87.9750000|69.3000000
S2|D: 6.209m,0110|1440|    1670.264750|267.9750000|69.3000000
M2|done|59.40|1441|    1671.988044
M3|done|59.40|1442|    1673.238000
S1|D: 1.766m,0036|1443|1674.015780|87.9750000|59.4000000
S2|D: 4.167m,0058|1444|    1675.365750|267.9750000|59.4000000
M2|done|49.50|1445|    1676.448007
M3|done|49.50|1446|    1678.138993
S1|D: 2.333m,0044|1447|1679.016779|87.9750000|49.5000000
S2|D: 3.203m,0044|1448|    1679.616755|267.9750000|49.5000000
M2|done|39.60|1449|    1680.698987
M3|done|39.60|1450|    1682.939993
S1|D: 2.402m,0043|1451|1683.717776|87.9750000|39.6000000
S2|D: 2.669m,0046|1452|    1685.067750|267.9750000|39.6000000
M2|done|29.70|1453|    1686.139987
M3|done|29.70|1454|    1686.790993
S1|D: 2.185m,0029|1455|1687.568776|87.9750000|29.7000000
S2|D: 2.331m,0033|1456|    1688.818750|267.9750000|29.7000000
M2|done|19.80|1457|    1690.541987
M3|done|19.80|1458|    1691.791993
S1|D: 2.045m,0045|1459|1692.569776|87.9750000|19.8000000
S2|D: 2.136m,0021|1460|    1693.819750|267.9750000|19.8000000
M2|done|9.90|1461|    1695.643959
M3|done|9.90|1462|    1696.143936
S1|D: 1.983m,0037|1463|1696.420776|87.9750000| 9.9000000
S2|D: 2.019m,0039|1464|    1697.670750|267.9750000| 9.9000000
M1|done|93.15|1465|    1699.265590
S1|D: 1.983m,0049|1466|1700.171784|93.1500000| 9.9000000
S2|D: 2.018m,0047|1467|    1701.421750|273.1500000| 9.9000000
M2|done|0.00|1468|    1703.144735
M3|done|0.00|1469|    1704.394728
S1|D: 1.979m,0103|1470|1705.172776|93.1500000| 0.0000000
S1|S: 26.9`C,3.1V|1472|1706.552788|93.1500000| 0.0000000
S2|S: 26.3`C,3.1V|1471|    1706.522750|273.1500000| 0.0000000
S2|D: 1.974m,0038|1473|    1708.824752|273.1500000| 0.0000000
M2|done|9.90|1474|    1710.547813
S1|D: 1.981m,0035|1476|1711.925797|93.1500000| 9.9000000
M3|done|9.90|1475|    1711.897775
S2|D: 2.017m,0038|1477|    1712.679749|273.1500000| 9.9000000
M2|done|19.80|1478|    1715.452812
M3|done|19.80|1479|    1716.702811
S1|D: 2.042m,0040|1480|1717.580774|93.1500000|19.8000000
S2|D: 2.131m,0036|1481|    1718.180754|273.1500000|19.8000000
M2|done|29.70|1482|    1719.263053
M3|done|29.70|1483|    1721.503992
S1|D: 2.177m,0034|1484|1722.281779|93.1500000|29.7000000
S2|D: 2.323m,0035|1485|    1723.631750|273.1500000|29.7000000
M2|done|39.60|1486|    1724.703846
M3|done|39.60|1487|    1725.354811
S1|D: 2.390m,0055|1488|1727.182776|93.1500000|39.6000000
S2|D: 2.659m,0046|1489|    1728.432749|273.1500000|39.6000000
M2|done|49.50|1490|    1730.255803
M3|done|49.50|1491|    1730.755817
S1|D: 2.332m,0043|1492|1731.033775|93.1500000|49.5000000
S2|D: 3.179m,0054|1493|    1732.283749|273.1500000|49.5000000
M2|done|59.40|1494|    1734.006803
M3|done|59.40|1495|    1735.256818
S1|D: 1.762m,0037|1496|1736.034775|93.1500000|59.4000000
S2|D: 4.142m,0056|1497|    1737.284749|273.1500000|59.4000000
M2|done|69.30|1498|    1739.007803
S1|D: 1.584m,0048|1500|1740.385797|93.1500000|69.3000000
M3|done|69.30|1499|    1740.357775
S2|D: 6.118m,0125|1501|    1741.139749|273.1500000|69.3000000
M2|done|79.20|1502|    1743.912826
S1|D: 1.483m,0045|1504|1745.290797|93.1500000|79.2000000
M3|done|79.20|1503|    1745.262775
S2|D: 7.169m,0095|1505|    1746.044749|273.1500000|79.2000000
M2|done|89.10|1506|    1748.817976
M3|done|89.10|1507|    1750.067984
S1|D: 1.426m,0034|1508|1750.945774|93.1500000|89.1000000
S2|D: 7.085m,0055|1509|    1751.545754|273.1500000|89.1000000
M2|done|99.00|1510|    1752.628035
M3|done|99.00|1511|    1754.868984
S1|D: 1.417m,0034|1512|1755.646779|93.1500000|99.0000000
S2|D:Er08!|1513|    1756.996748|273.1500000|99.0000000
M2|done|108.90|1514|    1759.209035
M3|done|108.90|1515|    1759.719380
S1|D: 1.452m,0039|1516|1761.496780|93.1500000|108.9000000
S2|D: 0.160m,0379|1517|    1762.847747|273.1500000|108.9000000
M2|done|118.80|1518|    1765.060040
M3|done|118.80|1519|    1765.570944
S2|S: 26.2`C,3.1V|1520|    1766.298752|273.1500000|118.8000000
S1|S: 26.8`C,3.1V|1521|1767.549769|93.1500000|118.8000000
S1|D: 1.532m,0040|1522|1768.800765|93.1500000|118.8000000
S2|D: 0.183m,0503|1523|    1770.051748|273.1500000|118.8000000
M2|done|128.70|1524|    1772.274040
M3|done|128.70|1525|    1772.924996
S1|D: 1.112m,0133|1526|1773.702778|93.1500000|128.7000000
S2|D: 0.219m,1287|1527|    1775.452750|273.1500000|128.7000000
M2|done|138.60|1528|    1777.675045
M3|done|138.60|1529|    1778.175018
S1|D: 0.090m,0196|1530|1779.454779|93.1500000|138.6000000
S2|D: 0.110m,0083|1531|    1781.204750|273.1500000|138.6000000
M2|done|148.50|1532|    1782.287068
M3|done|148.50|1533|    1784.528996
S1|D: 0.090m,0249|1534|1785.406777|93.1500000|148.5000000
S2|D: 0.225m,0275|1535|    1787.146752|273.1500000|148.5000000
M2|done|158.40|1536|    1789.369040
M3|done|158.40|1537|    1790.381018
S1|D: 0.078m,0240|1538|1792.208779|93.1500000|158.4000000
S2|D: 0.239m,0082|1539|    1793.958748|273.1500000|158.4000000
M2|done|168.30|1540|    1795.411003
M3|done|168.30|1541|    1797.282996
S1|D: 0.078m,0223|1542|1798.060778|93.1500000|168.3000000
S2|D: 0.161m,0241|1543|    1799.810748|273.1500000|168.3000000
M2|done|178.20|1544|    1802.023040
M3|done|178.20|1545|    1802.532997
M1|done|98.33|1546|    1805.206606
S1|D: 0.069m,0089|1547|1806.212777|98.3250000|178.2000000
S2|D: 0.227m,0029|1548|    1807.192761|278.3250000|178.2000000
M2|done|188.10|1549|    1808.275045
M3|done|188.10|1550|    1809.087018
S1|D: 0.205m,0033|1551|1809.864777|98.3250000|188.1000000
S2|D: 0.230m,0058|1552|    1811.115748|278.3250000|188.1000000
M2|done|178.20|1553|    1812.839030
M3|done|178.20|1554|    1814.088988
S1|D: 0.069m,0093|1555|1814.866776|98.3250000|178.2000000
S2|D: 0.227m,0029|1556|    1816.117747|278.3250000|178.2000000
M2|done|168.30|1557|    1817.841023
M3|done|168.30|1558|    1819.190988
S1|D: 0.073m,0134|1559|1819.218796|98.3250000|168.3000000
S2|D: 0.149m,0051|1560|    1820.968747|278.3250000|168.3000000
M2|done|158.40|1561|    1822.050998
M3|done|158.40|1562|    1823.792988
S1|D: 0.082m,0266|1563|1824.570776|98.3250000|158.4000000
S2|D: 0.082m,0136|1564|    1826.320747|278.3250000|158.4000000
M2|done|148.50|1565|    1827.772995
S2|S: 26.4`C,3.1V|1566|    1828.122759|278.3250000|158.4000000
S1|S: 27.1`C,3.1V|1567|1830.423770|98.3250000|148.5000000
M3|done|148.50|1568|    1832.147023
S1|D: 0.093m,0347|1569|1833.024776|98.3250000|148.5000000
S2|D: 0.093m,0159|1570|    1834.764759|278.3250000|148.5000000
M2|done|138.60|1571|    1836.986998
M3|done|138.60|1572|    1837.998988
S1|D:Er08!|1573|1839.826778|98.3250000|138.6000000
S2|D: 0.254m,1754|1574|    1841.576747|278.3250000|138.6000000
M2|done|128.70|1575|    1843.788988
M3|done|128.70|1576|    1844.298988
S1|D: 1.100m,0179|1577|1846.627778|98.3250000|128.7000000
S2|D: 0.210m,0941|1578|    1848.377749|278.3250000|128.7000000
M2|done|118.80|1579|    1850.600037
M3|done|118.80|1580|    1851.099988
S1|D: 1.555m,0120|1581|1852.379778|98.3250000|118.8000000
S2|D: 0.173m,0598|1582|    1853.630747|278.3250000|118.8000000
M2|done|108.90|1583|    1855.852831
M3|done|108.90|1584|    1856.503787
S1|D: 1.459m,0040|1585|1857.281772|98.3250000|108.9000000
S2|D: 0.151m,0387|1586|    1858.532747|278.3250000|108.9000000
M2|done|99.00|1587|    1860.754803
M3|done|99.00|1588|    1861.405787
S1|D: 1.422m,0036|1589|1862.183772|98.3250000|99.0000000
S2|D:Er08!|1590|    1863.433746|278.3250000|99.0000000
M2|done|89.10|1591|    1865.655809
M3|done|89.10|1592|    1866.305814
S1|D: 1.428m,0044|1593|1868.133773|98.3250000|89.1000000
S2|D: 6.886m,0101|1594|    1869.483745|278.3250000|89.1000000
M2|done|79.20|1595|    1870.555953
M3|done|79.20|1596|    1871.206967
S1|D: 1.478m,0036|1597|1873.034773|98.3250000|79.2000000
S2|D: 6.970m,0071|1598|    1874.384745|278.3250000|79.2000000
M2|done|69.30|1599|    1875.466953
M3|done|69.30|1600|    1876.107967
S1|D: 1.576m,0044|1601|1876.885771|98.3250000|69.3000000
S2|D: 5.910m,0117|1602|    1878.135746|278.3250000|69.3000000
M2|done|59.40|1603|    1879.859052
M3|done|59.40|1604|    1881.109022
S1|D: 1.749m,0033|1605|1881.886775|98.3250000|59.4000000
S2|D: 4.169m,0054|1606|    1883.136746|278.3250000|59.4000000
M2|done|49.50|1607|    1884.860022
S1|D: 2.312m,0053|1609|1886.237795|98.3250000|49.5000000
M3|done|49.50|1608|    1886.210022
S2|D: 3.189m,0038|1610|    1886.991746|278.3250000|49.5000000
S2|S: 26.5`C,3.1V|1611|    1889.292747|278.3250000|49.5000000
S1|S: 27.1`C,3.1V|1612|1890.643766|98.3250000|49.5000000
M2|done|39.60|1613|    1891.146003
M3|done|39.60|1614|    1892.365967
S1|D: 2.403m,0044|1615|1894.193773|98.3250000|39.6000000
S2|D: 2.597m,0043|1616|    1895.543745|278.3250000|39.6000000
M2|done|29.70|1617|    1896.615962
M3|done|29.70|1618|    1897.266967
S1|D: 2.187m,0031|1619|1898.044771|98.3250000|29.7000000
S2|D: 2.326m,0049|1620|    1899.294746|278.3250000|29.7000000
M2|done|19.80|1621|    1901.018003
M3|done|19.80|1622|    1902.267945
S1|D: 2.046m,0033|1623|1903.045771|98.3250000|19.8000000
S2|D: 2.132m,0029|1624|    1904.295746|278.3250000|19.8000000
M2|done|9.90|1625|    1906.018932
S1|D: 1.982m,0038|1627|1907.396791|98.3250000| 9.9000000
M3|done|9.90|1626|    1907.368933
S2|D: 2.017m,0038|1628|    1908.150746|278.3250000| 9.9000000
M1|done|103.50|1629|    1910.795608
S1|D: 1.984m,0053|1630|1911.701783|103.5000000| 9.9000000
S2|D: 2.017m,0039|1631|    1913.052744|283.5000000| 9.9000000
M2|done|0.00|1632|    1914.134729
M3|done|0.00|1633|    1914.775730
S1|D: 1.979m,0097|1634|1916.603772|103.5000000| 0.0000000
S2|D: 1.974m,0034|1635|    1917.854745|283.5000000| 0.0000000
M2|done|9.90|1636|    1919.677792
M3|done|9.90|1637|    1920.177779
S1|D: 1.981m,0037|1638|1920.455770|103.5000000| 9.9000000
S2|D: 2.016m,0039|1639|    1922.756746|283.5000000| 9.9000000
M2|done|19.80|1640|    1924.579792
M3|done|19.80|1641|    1925.079792
S1|D: 2.043m,0038|1642|1925.357770|103.5000000|19.8000000
S2|D: 2.128m,0025|1643|    1926.608745|283.5000000|19.8000000
M2|done|29.70|1644|    1928.332028
M3|done|29.70|1645|    1929.582022
S1|D: 2.179m,0030|1646|1930.359774|103.5000000|29.7000000
S2|D: 2.321m,0046|1647|    1931.610745|283.5000000|29.7000000
M2|done|39.60|1648|    1933.333822
M3|done|39.60|1649|    1934.583806
S1|D: 2.391m,0046|1650|1935.461770|103.5000000|39.6000000
S2|D: 2.648m,0037|1651|    1936.061749|283.5000000|39.6000000
M2|done|49.50|1652|    1937.143815
M3|done|49.50|1653|    1939.385806
S1|D: 2.349m,0044|1654|1940.163770|103.5000000|49.5000000
S2|D: 3.168m,0046|1655|    1941.514745|283.5000000|49.5000000
M2|done|59.40|1656|    1942.586815
M3|done|59.40|1657|    1943.237806
S1|D: 1.775m,0036|1658|1945.065771|103.5000000|59.4000000
S2|D: 3.926m,0065|1659|    1946.416745|283.5000000|59.4000000
M2|done|69.30|1660|    1947.488815
M3|done|69.30|1661|    1948.139806
S2|S: 26.3`C,3.1V|1662|    1948.917745|283.5000000|69.3000000
S1|S: 26.9`C,3.1V|1663|1950.168766|103.5000000|69.3000000
S1|D: 1.601m,0035|1664|1951.419762|103.5000000|69.3000000
S2|D: 4.066m,0047|1665|    1952.670745|283.5000000|69.3000000
M2|done|79.20|1666|    1954.393815
M3|done|79.20|1667|    1955.643792
S1|D: 1.500m,0041|1668|1956.421770|103.5000000|79.2000000
S2|D: 3.896m,0072|1669|    1957.772744|283.5000000|79.2000000
M2|done|89.10|1670|    1958.845000
M3|done|89.10|1671|    1960.545951
S1|D: 1.446m,0031|1672|1961.323770|103.5000000|89.1000000
S2|D: 3.851m,0075|1673|    1962.574745|283.5000000|89.1000000
M2|done|99.00|1674|    1964.399034
M3|done|99.00|1675|    1964.899021
S1|D: 1.437m,0039|1676|1966.325774|103.5000000|99.0000000
S2|D:Er08!|1677|    1966.925748|283.5000000|99.0000000
M2|done|108.90|1678|    1969.148034
M3|done|108.90|1679|    1969.648021
S1|D: 1.475m,0053|1680|1971.976774|103.5000000|108.9000000
S2|D: 0.144m,0381|1681|    1973.327743|283.5000000|108.9000000
M2|done|118.80|1682|    1975.540020
M3|done|118.80|1683|    1976.050954
S1|D: 1.572m,0102|1684|1977.828774|103.5000000|118.8000000
S2|D: 0.166m,0532|1685|    1979.079744|283.5000000|118.8000000
M2|done|128.70|1686|    1981.302020
M3|done|128.70|1687|    1981.953015
S1|D: 1.057m,0798|1688|1982.730773|103.5000000|128.7000000
S2|D: 0.198m,0816|1689|    1984.480745|283.5000000|128.7000000
M2|done|138.60|1690|    1986.703008
M3|done|138.60|1691|    1987.805015
S1|D: 0.110m,0385|1692|1988.582773|103.5000000|138.6000000
S2|D: 0.246m,1474|1693|    1990.332745|283.5000000|138.6000000
M2|done|148.50|1694|    1992.555020
M3|done|148.50|1695|    1993.055021
S1|D: 0.093m,0205|1696|1995.384774|103.5000000|148.5000000
S2|D: 0.093m,0153|1697|    1997.134744|283.5000000|148.5000000
M2|done|158.40|1698|    1999.347020
M3|done|158.40|1699|    1999.857021
S1|D: 0.087m,0174|1700|2002.186774|103.5000000|158.4000000
S2|D: 0.089m,0115|1701|    2003.936745|283.5000000|158.4000000
M2|done|168.30|1702|    2005.399034
M3|done|168.30|1703|    2006.211015
S1|D: 0.077m,0126|1704|2006.988773|103.5000000|168.3000000
S2|D: 0.078m,0101|1705|    2008.239744|283.5000000|168.3000000
S2|S: 26.5`C,3.1V|1706|    2009.490743|283.5000000|168.3000000
S1|S: 27.1`C,3.1V|1707|2010.741765|103.5000000|168.3000000
M2|done|178.20|1708|    2012.464999
M3|done|178.20|1709|    2013.714985
M1|done|108.67|1710|    2014.836622
S1|D: 0.071m,0070|1711|2015.842771|108.6750000|178.2000000
S2|D: 0.074m,0065|1712|    2016.442755|288.6750000|178.2000000
M2|done|188.10|1713|    2017.525028
M3|done|188.10|1714|    2018.716997
S1|D: 0.071m,0108|1715|2019.494772|108.6750000|188.1000000
S2|D: 0.182m,0159|1716|    2020.745742|288.6750000|188.1000000
M2|done|178.20|1717|    2022.967986
M3|done|178.20|1718|    2023.618992
S1|D: 0.070m,0069|1719|2024.396772|108.6750000|178.2000000
S2|D: 0.073m,0052|1720|    2025.647742|288.6750000|178.2000000
M2|done|168.30|1721|    2027.371033
M3|done|168.30|1722|    2028.620992
S1|D: 0.079m,0125|1723|2029.398772|108.6750000|168.3000000
S2|D: 0.083m,0098|1724|    2030.649742|288.6750000|168.3000000
M2|done|158.40|1725|    2032.373033
M3|done|158.40|1726|    2033.722992
S1|D: 0.081m,0269|1727|2033.750795|108.6750000|158.4000000
S2|D: 0.087m,0126|1728|    2035.500743|288.6750000|158.4000000
M2|done|148.50|1729|    2037.175033
M3|done|148.50|1730|    2038.424992
S1|D: 0.088m,0214|1731|2039.302771|108.6750000|148.5000000
S2|D: 0.094m,0178|1732|    2041.042746|288.6750000|148.5000000
M2|done|138.60|1733|    2043.265012
M3|done|138.60|1734|    2044.276992
S1|D: 0.874m,0681|1735|2046.104773|108.6750000|138.6000000
M2|done|128.70|1737|    2048.327104
M3|done|128.70|1738|    2050.127992
S1|D: 0.084m,0706|1739|2050.905772|108.6750000|128.7000000
S2|D: 0.193m,0759|1740|    2053.206742|288.6750000|128.7000000
M2|done|118.80|1741|    2055.429012
M3|done|118.80|1742|    2057.129992
S1|D: 1.552m,0109|1743|2057.907772|108.6750000|118.8000000
S2|D: 0.159m,0587|1744|    2060.208744|288.6750000|118.8000000
M2|done|108.90|1745|    2062.430826
M3|done|108.90|1746|    2064.131802
S1|D: 1.507m,0039|1747|2064.909767|108.6750000|108.9000000
S2|D: 0.137m,0443|1748|    2067.210743|288.6750000|108.9000000
M2|done|99.00|1749|    2069.432811
S2|S: 26.5`C,3.1V|1750|    2070.661751|288.6750000|108.9000000
S1|S: 27.2`C,3.1V|1751|2071.912763|108.6750000|99.0000000
M3|done|99.00|1752|    2074.685802
S1|D: 1.464m,0038|1753|2075.463775|108.6750000|99.0000000
S2|D:Er08!|1754|    2076.714741|288.6750000|99.0000000
M2|done|89.10|1755|    2078.936811
M3|done|89.10|1756|    2081.686788
S1|D: 1.472m,0037|1757|2082.464767|108.6750000|89.1000000
S2|D: 3.224m,0083|1758|    2083.715741|288.6750000|89.1000000
M2|done|79.20|1759|    2086.488976
M3|done|79.20|1760|    2087.738983
S1|D: 1.520m,0052|1761|2089.666767|108.6750000|79.2000000
S2|D: 3.293m,0077|1762|    2090.266746|288.6750000|79.2000000
M2|done|69.30|1763|    2092.440978
M3|done|69.30|1764|    2093.690983
S1|D: 1.617m,0044|1765|2095.518768|108.6750000|69.3000000
S2|D: 3.465m,0057|1766|    2096.769741|288.6750000|69.3000000
M2|done|59.40|1767|    2098.493018
M3|done|59.40|1768|    2099.742998
S1|D: 1.793m,0038|1769|2101.570772|108.6750000|59.4000000
S2|D: 3.782m,0090|1770|    2102.821741|288.6750000|59.4000000
M2|done|49.50|1771|    2104.545018
M3|done|49.50|1772|    2105.794983
S1|D: 2.365m,0063|1773|2107.622772|108.6750000|49.5000000
S2|D: 3.010m,0043|1774|    2108.873741|288.6750000|49.5000000
M2|done|39.60|1775|    2110.596978
M3|done|39.60|1776|    2111.846983
S1|D: 2.405m,0045|1777|2113.674768|108.6750000|39.6000000
S2|D: 2.652m,0028|1778|    2114.925740|288.6750000|39.6000000
M2|done|29.70|1779|    2116.648995
M3|done|29.70|1780|    2117.898976
S1|D: 2.191m,0030|1781|2119.726767|108.6750000|29.7000000
S2|D: 2.323m,0041|1782|    2120.977740|288.6750000|29.7000000
M2|done|19.80|1783|    2122.700960
M3|done|19.80|1784|    2123.950962
S1|D: 2.047m,0041|1785|2125.778767|108.6750000|19.8000000
S2|D: 2.129m,0023|1786|    2127.029740|288.6750000|19.8000000
M2|done|9.90|1787|    2128.752940
M3|done|9.90|1788|    2130.002933
S2|S: 26.4`C,3.1V|1789|    2131.830742|288.6750000| 9.9000000
S1|S: 26.9`C,3.1V|1790|2133.081762|108.6750000| 9.9000000
S1|D: 1.983m,0036|1791|2134.332761|108.6750000| 9.9000000
S2|D: 2.016m,0029|1792|    2136.633742|288.6750000| 9.9000000
M1|done|113.85|1793|    2138.228631
S1|D: 1.983m,0047|1794|2139.134778|113.8500000| 9.9000000
S2|D: 2.016m,0035|1795|    2140.385740|293.8500000| 9.9000000
M2|done|0.00|1796|    2143.158734
M3|done|0.00|1797|    2144.408725
S1|D: 1.977m,0108|1798|2145.186766|113.8500000| 0.0000000
S2|D: 1.972m,0036|1799|    2146.437740|293.8500000| 0.0000000
M2|done|9.90|1800|    2149.210766
M3|done|9.90|1801|    2150.460766
S1|D: 1.983m,0036|1802|2151.238766|113.8500000| 9.9000000
S2|D: 2.014m,0037|1803|    2152.489740|293.8500000| 9.9000000
M2|done|19.80|1804|    2155.262803
M3|done|19.80|1805|    2156.512766
S1|D: 2.045m,0037|1806|2157.290766|113.8500000|19.8000000
S2|D: 2.126m,0026|1807|    2158.541740|293.8500000|19.8000000
M2|done|29.70|1808|    2161.315018
M3|done|29.70|1809|    2162.564981
S1|D: 2.184m,0030|1810|2163.342770|113.8500000|29.7000000
S2|D: 2.314m,0041|1811|    2164.593739|293.8500000|29.7000000
